timestamp,localized,ambient_long,infrared_long,red_long,ambient_short,infrared_short,red_short
1692167169552,2023-08-15T23:26:09.552(UTC-07:00),17.18013,5.97239,4.21380,14.60813,17.60960,9.18079
1692167169589,2023-08-15T23:26:09.589(UTC-07:00),17.19345,5.94637,4.25372,14.62428,17.60254,9.24892
1692167169657,2023-08-15T23:26:09.657(UTC-07:00),17.18721,5.88745,4.19295,14.61275,17.21666,9.13362
1692167169694,2023-08-15T23:26:09.694(UTC-07:00),17.19609,5.80072,4.19404,14.61931,16.81582,8.92893
1692167169732,2023-08-15T23:26:09.732(UTC-07:00),17.18190,5.78550,4.15376,14.61035,16.73229,8.81710
1692167169807,2023-08-15T23:26:09.807(UTC-07:00),17.19401,5.77428,4.14744,14.60329,16.65226,8.78179
1692167169837,2023-08-15T23:26:09.837(UTC-07:00),17.19249,5.77257,4.13744,14.58400,16.62907,8.74162
1692167169874,2023-08-15T23:26:09.874(UTC-07:00),17.17530,5.82396,4.16219,14.57587,16.71845,8.76382
1692167169949,2023-08-15T23:26:09.949(UTC-07:00),17.18888,5.79219,4.18480,14.60253,16.68771,8.79939
1692167169988,2023-08-15T23:26:09.988(UTC-07:00),17.20030,5.78660,4.14146,14.59799,16.70346,8.76146
1692167170017,2023-08-15T23:26:10.017(UTC-07:00),17.19602,5.80320,4.16052,14.60011,16.70992,8.77703
1692167170093,2023-08-15T23:26:10.093(UTC-07:00),17.18685,5.79975,4.15062,14.60469,16.76190,8.79605
1692167170129,2023-08-15T23:26:10.129(UTC-07:00),17.18700,5.85201,4.15279,14.57296,16.85777,8.81076
1692167170167,2023-08-15T23:26:10.167(UTC-07:00),17.17517,5.85624,4.18681,14.57617,16.93846,8.87902
1692167170234,2023-08-15T23:26:10.234(UTC-07:00),17.18082,5.89091,4.19024,14.56497,17.02646,8.90922
1692167170272,2023-08-15T23:26:10.272(UTC-07:00),17.18861,5.90222,4.20727,14.56381,17.06942,8.93696
1692167170309,2023-08-15T23:26:10.309(UTC-07:00),17.20014,5.89732,4.21365,14.57132,17.08369,8.95660
1692167170377,2023-08-15T23:26:10.377(UTC-07:00),17.18960,5.94743,4.22135,14.54649,17.19736,8.97563
1692167170414,2023-08-15T23:26:10.414(UTC-07:00),17.19849,5.95233,4.22421,14.54980,17.26979,9.00926
1692167170452,2023-08-15T23:26:10.452(UTC-07:00),17.18558,5.96678,4.24977,14.54284,17.34320,9.04850
1692167170527,2023-08-15T23:26:10.527(UTC-07:00),17.19113,5.99637,4.26435,14.55199,17.40821,9.09642
1692167170557,2023-08-15T23:26:10.557(UTC-07:00),17.20115,5.94167,4.25841,14.55005,17.18141,9.08010
1692167170595,2023-08-15T23:26:10.595(UTC-07:00),17.19322,5.87457,4.21269,14.52317,16.77179,8.86319
1692167170669,2023-08-15T23:26:10.669(UTC-07:00),17.18758,5.83772,4.21819,14.52689,16.60681,8.76084
1692167170707,2023-08-15T23:26:10.707(UTC-07:00),17.17975,5.83709,4.18796,14.50692,16.53814,8.69409
1692167170738,2023-08-15T23:26:10.738(UTC-07:00),17.16931,5.81021,4.19766,14.51108,16.46831,8.68795
1692167170812,2023-08-15T23:26:10.812(UTC-07:00),17.18501,5.82307,4.19923,14.51435,16.51880,8.66589
1692167170849,2023-08-15T23:26:10.849(UTC-07:00),17.20187,5.81995,4.20690,14.52354,16.51599,8.69468
1692167170887,2023-08-15T23:26:10.887(UTC-07:00),17.18826,5.81171,4.19041,14.52850,16.51123,8.67666
1692167170954,2023-08-15T23:26:10.954(UTC-07:00),17.17583,5.85797,4.19731,14.51528,16.57810,8.69519
1692167170992,2023-08-15T23:26:10.992(UTC-07:00),17.22936,5.82820,4.21342,14.53646,16.58434,8.73465
1692167171029,2023-08-15T23:26:11.029(UTC-07:00),17.17825,5.87344,4.20156,14.49490,16.64927,8.71807
1692167171097,2023-08-15T23:26:11.097(UTC-07:00),17.17922,5.88723,4.25177,14.49334,16.70512,8.78192
1692167171134,2023-08-15T23:26:11.134(UTC-07:00),17.17718,5.89647,4.24937,14.49535,16.73659,8.80218
1692167171172,2023-08-15T23:26:11.172(UTC-07:00),17.17169,5.91654,4.22303,14.49634,16.80906,8.80057
1692167171247,2023-08-15T23:26:11.247(UTC-07:00),17.20927,5.91627,4.26434,14.51030,16.84152,8.85037
1692167171277,2023-08-15T23:26:11.277(UTC-07:00),17.18760,5.95555,4.24216,14.48055,16.92545,8.84377
1692167171314,2023-08-15T23:26:11.314(UTC-07:00),17.17954,5.99074,4.30349,14.45336,17.00046,8.91949
1692167171389,2023-08-15T23:26:11.389(UTC-07:00),17.17929,5.99747,4.30047,14.44861,17.04391,8.94271
1692167171427,2023-08-15T23:26:11.427(UTC-07:00),17.19006,5.91110,4.31844,14.46972,16.71883,8.91517
1692167171458,2023-08-15T23:26:11.458(UTC-07:00),17.16443,5.84969,4.21942,14.44370,16.37052,8.65740
1692167171532,2023-08-15T23:26:11.532(UTC-07:00),17.18209,5.80335,4.25953,14.46041,16.22354,8.58504
1692167171569,2023-08-15T23:26:11.569(UTC-07:00),17.17680,5.80560,4.21830,14.45078,16.16631,8.53475
1692167171607,2023-08-15T23:26:11.607(UTC-07:00),17.17694,5.80091,4.22744,14.44967,16.13682,8.51712
1692167171674,2023-08-15T23:26:11.674(UTC-07:00),17.18283,5.85234,4.23515,14.42623,16.25114,8.55191
1692167171712,2023-08-15T23:26:11.712(UTC-07:00),17.18777,5.84057,4.27253,14.45551,16.25557,8.61802
1692167171749,2023-08-15T23:26:11.749(UTC-07:00),17.16878,5.84842,4.22337,14.43939,16.27943,8.55993
1692167171817,2023-08-15T23:26:11.817(UTC-07:00),17.18862,5.84132,4.26529,14.43915,16.30777,8.59061
1692167171854,2023-08-15T23:26:11.854(UTC-07:00),17.16589,5.86450,4.26083,14.43099,16.38096,8.62406
1692167171892,2023-08-15T23:26:11.892(UTC-07:00),17.17481,5.93026,4.28322,14.40719,16.50757,8.66271
1692167171967,2023-08-15T23:26:11.967(UTC-07:00),17.16321,5.96279,4.30511,14.38909,16.61516,8.72450
1692167171997,2023-08-15T23:26:11.997(UTC-07:00),17.17378,5.95150,4.33397,14.42517,16.67982,8.78992
1692167172034,2023-08-15T23:26:12.034(UTC-07:00),17.16984,5.99275,4.33006,14.40586,16.79066,8.80980
1692167172110,2023-08-15T23:26:12.110(UTC-07:00),17.19652,5.97494,4.35789,14.43605,16.83757,8.87233
1692167172147,2023-08-15T23:26:12.147(UTC-07:00),17.19660,6.01939,4.33901,14.43497,16.95601,8.89948
1692167172178,2023-08-15T23:26:12.178(UTC-07:00),17.16789,6.06212,4.35174,14.39245,17.06723,8.92717
1692167172252,2023-08-15T23:26:12.252(UTC-07:00),17.20802,6.08938,4.38397,14.42230,17.16643,9.00812
1692167172289,2023-08-15T23:26:12.289(UTC-07:00),17.20673,6.04928,4.37568,14.42968,17.08106,9.01365
1692167172327,2023-08-15T23:26:12.327(UTC-07:00),17.20168,5.96753,4.33191,14.41337,16.61789,8.83959
1692167172395,2023-08-15T23:26:12.395(UTC-07:00),17.18643,5.89614,4.31775,14.40034,16.29394,8.64788
1692167172431,2023-08-15T23:26:12.431(UTC-07:00),17.18962,5.84782,4.30027,14.41451,16.14518,8.55890
1692167172469,2023-08-15T23:26:12.469(UTC-07:00),17.18203,5.85460,4.28238,14.39105,16.08956,8.51354
1692167172537,2023-08-15T23:26:12.537(UTC-07:00),17.14943,5.89434,4.27916,14.36136,16.12695,8.49138
1692167172575,2023-08-15T23:26:12.575(UTC-07:00),17.18353,5.87871,4.33018,14.37587,16.16162,8.59422
1692167172612,2023-08-15T23:26:12.612(UTC-07:00),17.18423,5.89012,4.31635,14.37895,16.14070,8.59400
1692167172687,2023-08-15T23:26:12.687(UTC-07:00),17.17051,5.89448,4.30876,14.35146,16.12451,8.54958
1692167172718,2023-08-15T23:26:12.718(UTC-07:00),17.19399,5.89933,4.33897,14.36130,16.13816,8.58034
1692167172754,2023-08-15T23:26:12.754(UTC-07:00),17.14317,5.90857,4.33784,14.34979,16.19300,8.58072
1692167172829,2023-08-15T23:26:12.829(UTC-07:00),17.16875,5.90523,4.34777,14.36435,16.25198,8.63093
1692167172867,2023-08-15T23:26:12.867(UTC-07:00),17.16339,5.93939,4.33201,14.34586,16.32673,8.63626
1692167172897,2023-08-15T23:26:12.897(UTC-07:00),17.18504,5.94405,4.35860,14.36744,16.39519,8.69615
1692167172972,2023-08-15T23:26:12.972(UTC-07:00),17.15315,5.97764,4.33762,14.33133,16.47341,8.70808
1692167173009,2023-08-15T23:26:13.009(UTC-07:00),17.15570,5.99224,4.37455,14.33819,16.55486,8.77278
1692167173047,2023-08-15T23:26:13.047(UTC-07:00),17.16580,5.99891,4.38202,14.34458,16.60819,8.79428
1692167173114,2023-08-15T23:26:13.114(UTC-07:00),17.13517,6.02116,4.37048,14.31782,16.70294,8.79808
1692167173152,2023-08-15T23:26:13.152(UTC-07:00),17.15647,6.06126,4.39920,14.32343,16.78286,8.85881
1692167173189,2023-08-15T23:26:13.189(UTC-07:00),17.14669,6.02914,4.41237,14.32714,16.73560,8.88085
1692167173264,2023-08-15T23:26:13.264(UTC-07:00),17.15857,5.98085,4.39130,14.32533,16.39312,8.75677
1692167173295,2023-08-15T23:26:13.295(UTC-07:00),17.16354,5.91571,4.35099,14.32053,16.12466,8.59197
1692167173332,2023-08-15T23:26:13.332(UTC-07:00),17.17499,5.90001,4.34239,14.32978,16.02959,8.52936
1692167173407,2023-08-15T23:26:13.407(UTC-07:00),17.15804,5.88298,4.33320,14.31744,15.92661,8.49097
1692167173437,2023-08-15T23:26:13.437(UTC-07:00),17.16877,5.89337,4.34616,14.32366,15.96238,8.48892
1692167173474,2023-08-15T23:26:13.474(UTC-07:00),17.17438,5.89728,4.35710,14.31548,15.99810,8.51116
1692167173550,2023-08-15T23:26:13.550(UTC-07:00),17.16811,5.88746,4.35290,14.33234,15.98771,8.50524
1692167173587,2023-08-15T23:26:13.587(UTC-07:00),17.17033,5.90713,4.34828,14.30908,16.02182,8.50294
1692167173617,2023-08-15T23:26:13.617(UTC-07:00),17.17451,5.88931,4.35017,14.32101,16.01138,8.51777
1692167173692,2023-08-15T23:26:13.692(UTC-07:00),17.15014,5.93700,4.32223,14.28938,16.11148,8.49419
1692167173730,2023-08-15T23:26:13.730(UTC-07:00),17.15835,5.93958,4.39488,14.29523,16.18198,8.59947
1692167173767,2023-08-15T23:26:13.767(UTC-07:00),17.17782,5.99010,4.42021,14.30844,16.27182,8.63695
1692167173835,2023-08-15T23:26:13.835(UTC-07:00),17.16356,6.00834,4.39402,14.28066,16.37548,8.64317
1692167173872,2023-08-15T23:26:13.872(UTC-07:00),17.14955,6.01871,4.42082,14.27714,16.45352,8.70225
1692167173909,2023-08-15T23:26:13.909(UTC-07:00),17.14378,6.06227,4.42202,14.25700,16.55847,8.70316
1692167173977,2023-08-15T23:26:13.977(UTC-07:00),17.15196,6.06310,4.46472,14.26977,16.66351,8.79127
1692167174014,2023-08-15T23:26:14.014(UTC-07:00),17.16549,6.08981,4.45757,14.28324,16.77191,8.82898
1692167174052,2023-08-15T23:26:14.052(UTC-07:00),17.14750,6.12772,4.43475,14.25447,16.84347,8.83581
1692167174127,2023-08-15T23:26:14.127(UTC-07:00),17.14360,6.06053,4.47391,14.25170,16.54910,8.83474
1692167174158,2023-08-15T23:26:14.158(UTC-07:00),17.15686,6.00651,4.40663,14.25568,16.25793,8.62346
1692167174194,2023-08-15T23:26:14.194(UTC-07:00),17.15771,5.96665,4.40195,14.26696,16.10353,8.52840
1692167174269,2023-08-15T23:26:14.269(UTC-07:00),17.16744,5.97098,4.39936,14.23760,16.03694,8.48331
1692167174307,2023-08-15T23:26:14.307(UTC-07:00),17.14233,5.98709,4.41272,14.22065,16.01873,8.45707
1692167174337,2023-08-15T23:26:14.337(UTC-07:00),17.15639,5.98669,4.41685,14.23786,16.06834,8.48711
1692167174412,2023-08-15T23:26:14.412(UTC-07:00),17.16288,5.97480,4.41634,14.25295,16.03340,8.48649
1692167174449,2023-08-15T23:26:14.449(UTC-07:00),17.15286,5.99909,4.39514,14.24010,16.03953,8.47667
1692167174487,2023-08-15T23:26:14.487(UTC-07:00),17.18220,5.94785,4.40567,14.26845,16.01631,8.49394
1692167174554,2023-08-15T23:26:14.554(UTC-07:00),17.16260,5.99412,4.39235,14.24664,16.11359,8.49947
1692167174592,2023-08-15T23:26:14.592(UTC-07:00),17.15148,5.99203,4.42744,14.23647,16.14590,8.54625
1692167174629,2023-08-15T23:26:14.629(UTC-07:00),17.14659,6.02971,4.43263,14.21818,16.24845,8.57538
1692167174704,2023-08-15T23:26:14.704(UTC-07:00),17.15284,6.03968,4.45193,14.22451,16.29292,8.61067
1692167174735,2023-08-15T23:26:14.735(UTC-07:00),17.13661,6.09051,4.45494,14.18893,16.36385,8.62107
1692167174771,2023-08-15T23:26:14.771(UTC-07:00),17.14914,6.07691,4.49567,14.21402,16.41361,8.66832
1692167174847,2023-08-15T23:26:14.847(UTC-07:00),17.12489,6.09221,4.47722,14.18595,16.45844,8.66923
1692167174877,2023-08-15T23:26:14.877(UTC-07:00),17.13147,6.09907,4.48119,14.19366,16.43797,8.68618
1692167174914,2023-08-15T23:26:14.914(UTC-07:00),17.12230,6.00186,4.46446,14.17680,16.12819,8.61113
1692167174989,2023-08-15T23:26:14.989(UTC-07:00),17.14926,5.95235,4.45159,14.20838,15.86186,8.46898
1692167175027,2023-08-15T23:26:15.027(UTC-07:00),17.14340,5.96691,4.41234,14.19156,15.78979,8.37994
1692167175057,2023-08-15T23:26:15.057(UTC-07:00),17.14465,5.93558,4.43287,14.19547,15.70870,8.36815
1692167175132,2023-08-15T23:26:15.132(UTC-07:00),17.14741,5.96988,4.40212,14.17962,15.73635,8.30908
1692167175169,2023-08-15T23:26:15.169(UTC-07:00),17.15939,5.94790,4.44429,14.19875,15.73672,8.35279
1692167175207,2023-08-15T23:26:15.207(UTC-07:00),17.15624,5.93583,4.41015,14.20496,15.70155,8.31716
1692167175274,2023-08-15T23:26:15.274(UTC-07:00),17.16649,5.95281,4.42263,14.20165,15.71068,8.32634
1692167175312,2023-08-15T23:26:15.312(UTC-07:00),17.16750,5.94681,4.41488,14.20602,15.70948,8.32059
1692167175349,2023-08-15T23:26:15.349(UTC-07:00),17.16509,5.98135,4.42783,14.19715,15.79920,8.35624
1692167175418,2023-08-15T23:26:15.418(UTC-07:00),17.14556,6.01161,4.45005,14.17293,15.86481,8.40552
1692167175454,2023-08-15T23:26:15.454(UTC-07:00),17.13442,6.03525,4.46221,14.16043,15.93776,8.42998
1692167175492,2023-08-15T23:26:15.492(UTC-07:00),17.13224,6.02525,4.47309,14.15627,15.96595,8.45146
1692167175567,2023-08-15T23:26:15.567(UTC-07:00),17.18787,6.02629,4.49241,14.19444,15.99082,8.48980
1692167175597,2023-08-15T23:26:15.597(UTC-07:00),17.16278,6.05742,4.45721,14.17663,16.06066,8.45137
1692167175634,2023-08-15T23:26:15.634(UTC-07:00),17.15597,6.10624,4.50076,14.15685,16.16994,8.52318
1692167175709,2023-08-15T23:26:15.709(UTC-07:00),17.17825,6.06832,4.51086,14.17889,16.16487,8.55049
1692167175748,2023-08-15T23:26:15.748(UTC-07:00),17.14850,6.06924,4.48928,14.15201,16.06120,8.53231
1692167175784,2023-08-15T23:26:15.784(UTC-07:00),17.14113,6.01150,4.49447,14.13773,15.72191,8.41992
1692167175852,2023-08-15T23:26:15.852(UTC-07:00),17.16419,5.94065,4.47305,14.15810,15.51564,8.31645
1692167175889,2023-08-15T23:26:15.889(UTC-07:00),17.13293,6.00180,4.44638,14.11761,15.50728,8.23056
1692167175927,2023-08-15T23:26:15.927(UTC-07:00),17.14256,5.94947,4.45848,14.12569,15.40483,8.20403
1692167175994,2023-08-15T23:26:15.994(UTC-07:00),17.15051,5.94548,4.46104,14.13067,15.42452,8.18066
1692167176032,2023-08-15T23:26:16.032(UTC-07:00),17.14876,5.94846,4.45789,14.14370,15.45010,8.21411
1692167176070,2023-08-15T23:26:16.070(UTC-07:00),17.14058,5.94906,4.43008,14.13799,15.43264,8.18163
1692167176137,2023-08-15T23:26:16.137(UTC-07:00),17.13191,5.97043,4.44000,14.12172,15.46774,8.19757
1692167176175,2023-08-15T23:26:16.175(UTC-07:00),17.16185,5.96170,4.47453,14.14193,15.50671,8.24739
1692167176212,2023-08-15T23:26:16.212(UTC-07:00),17.15100,6.01770,4.46297,14.11090,15.58864,8.24535
1692167176287,2023-08-15T23:26:16.287(UTC-07:00),17.16744,6.00993,4.48864,14.12032,15.64160,8.30033
1692167176317,2023-08-15T23:26:16.317(UTC-07:00),17.13417,6.05741,4.48477,14.07833,15.75157,8.29678
1692167176355,2023-08-15T23:26:16.355(UTC-07:00),17.14007,6.05340,4.53550,14.09422,15.79070,8.38625
1692167176430,2023-08-15T23:26:16.430(UTC-07:00),17.16479,6.05825,4.53780,14.12083,15.85697,8.41745
1692167176467,2023-08-15T23:26:16.467(UTC-07:00),17.14600,6.09157,4.50291,14.10706,15.93791,8.41117
1692167176497,2023-08-15T23:26:16.497(UTC-07:00),17.15243,6.08377,4.53641,14.10910,15.97163,8.46648
1692167176572,2023-08-15T23:26:16.572(UTC-07:00),17.13619,6.11982,4.52497,14.09381,16.05290,8.46421
1692167176609,2023-08-15T23:26:16.609(UTC-07:00),17.12439,6.17965,4.56786,14.07142,16.18828,8.54255
1692167176647,2023-08-15T23:26:16.647(UTC-07:00),17.13173,6.14876,4.57754,14.08897,16.21915,8.58783
1692167176714,2023-08-15T23:26:16.714(UTC-07:00),17.16356,6.13804,4.58433,14.09585,16.28105,8.58526
1692167176752,2023-08-15T23:26:16.752(UTC-07:00),17.15862,6.17026,4.58370,14.10508,16.35231,8.61157
1692167176789,2023-08-15T23:26:16.789(UTC-07:00),17.15025,6.20973,4.57251,14.08324,16.48629,8.63449
1692167176858,2023-08-15T23:26:16.858(UTC-07:00),17.15053,6.19717,4.61133,14.10357,16.47843,8.70273
1692167176894,2023-08-15T23:26:16.894(UTC-07:00),17.13672,6.13220,4.56154,14.08706,16.17611,8.60124
1692167176932,2023-08-15T23:26:16.932(UTC-07:00),17.14612,6.08933,4.56126,14.08407,15.84471,8.43307
1692167177007,2023-08-15T23:26:17.007(UTC-07:00),17.14485,6.05346,4.52365,14.07523,15.67466,8.32053
1692167177037,2023-08-15T23:26:17.037(UTC-07:00),17.15489,6.04005,4.53048,14.07007,15.59973,8.27834
1692167177074,2023-08-15T23:26:17.074(UTC-07:00),17.12794,6.06433,4.51423,14.04369,15.59575,8.23511
1692167177149,2023-08-15T23:26:17.149(UTC-07:00),17.16422,6.03200,4.54212,14.10271,15.59893,8.27104
1692167177187,2023-08-15T23:26:17.187(UTC-07:00),17.15461,6.05255,4.51433,14.08195,15.61896,8.26162
1692167177217,2023-08-15T23:26:17.217(UTC-07:00),17.14254,6.05127,4.52445,14.06992,15.60403,8.24108
1692167177292,2023-08-15T23:26:17.292(UTC-07:00),17.15772,6.03250,4.54857,14.08808,15.60587,8.28646
1692167177329,2023-08-15T23:26:17.329(UTC-07:00),17.16289,6.09435,4.53972,14.07226,15.76252,8.30183
1692167177367,2023-08-15T23:26:17.367(UTC-07:00),17.16539,6.11214,4.56504,14.07598,15.82545,8.37539
1692167177434,2023-08-15T23:26:17.434(UTC-07:00),17.17156,6.13944,4.59460,14.06529,15.93745,8.41087
1692167177472,2023-08-15T23:26:17.472(UTC-07:00),17.14842,6.17380,4.58618,14.04977,16.06030,8.45837
1692167177509,2023-08-15T23:26:17.509(UTC-07:00),17.16055,6.18861,4.62496,14.05462,16.13547,8.51778
1692167177578,2023-08-15T23:26:17.578(UTC-07:00),17.15219,6.23721,4.60643,14.04514,16.24731,8.53728
1692167177614,2023-08-15T23:26:17.614(UTC-07:00),17.15893,6.23222,4.62862,14.04779,16.28340,8.58298
1692167177652,2023-08-15T23:26:17.652(UTC-07:00),17.16535,6.26785,4.63941,14.05067,16.38526,8.61440
1692167177727,2023-08-15T23:26:17.727(UTC-07:00),17.15355,6.26331,4.64585,14.04049,16.44341,8.65363
1692167177757,2023-08-15T23:26:17.757(UTC-07:00),17.15445,6.29223,4.66684,14.03812,16.51257,8.70710
1692167177794,2023-08-15T23:26:17.794(UTC-07:00),17.14135,6.30686,4.66061,14.03722,16.62538,8.73097
1692167177870,2023-08-15T23:26:17.870(UTC-07:00),17.14849,6.32980,4.66739,14.01815,16.71003,8.75581
1692167177907,2023-08-15T23:26:17.907(UTC-07:00),17.13237,6.35271,4.68584,14.00964,16.73600,8.80826
1692167177937,2023-08-15T23:26:17.937(UTC-07:00),17.15959,6.22572,4.68194,14.03027,16.30724,8.71268
1692167178012,2023-08-15T23:26:18.012(UTC-07:00),17.15516,6.16899,4.61217,14.02887,15.96781,8.47873
1692167178050,2023-08-15T23:26:18.050(UTC-07:00),17.14921,6.15833,4.60362,14.02362,15.85947,8.37481
1692167178087,2023-08-15T23:26:18.087(UTC-07:00),17.14205,6.15431,4.61122,14.01276,15.81534,8.36294
1692167178154,2023-08-15T23:26:18.154(UTC-07:00),17.13736,6.17461,4.61953,13.98616,15.80232,8.35327
1692167178192,2023-08-15T23:26:18.192(UTC-07:00),17.12347,6.19630,4.61952,13.97052,15.86004,8.37981
1692167178229,2023-08-15T23:26:18.229(UTC-07:00),17.14097,6.18866,4.64194,13.97953,15.87634,8.39228
1692167178298,2023-08-15T23:26:18.298(UTC-07:00),17.12974,6.19457,4.62505,13.97996,15.88740,8.39032
1692167178334,2023-08-15T23:26:18.334(UTC-07:00),17.14071,6.20158,4.64817,13.97864,15.92615,8.40768
1692167178371,2023-08-15T23:26:18.371(UTC-07:00),17.13936,6.23900,4.63638,13.97550,16.02853,8.41665
1692167178447,2023-08-15T23:26:18.447(UTC-07:00),17.15015,6.21459,4.68223,13.99163,16.06351,8.48393
1692167178477,2023-08-15T23:26:18.477(UTC-07:00),17.11911,6.27385,4.65663,13.95347,16.16570,8.48551
1692167178514,2023-08-15T23:26:18.514(UTC-07:00),17.13669,6.29150,4.69624,13.96400,16.25629,8.54897
1692167178589,2023-08-15T23:26:18.589(UTC-07:00),17.17353,6.26243,4.70515,14.00961,16.29649,8.60065
1692167178627,2023-08-15T23:26:18.627(UTC-07:00),17.15355,6.29972,4.67579,13.98897,16.39322,8.60319
1692167178658,2023-08-15T23:26:18.658(UTC-07:00),17.15721,6.30541,4.69572,13.99095,16.44576,8.64347
1692167178732,2023-08-15T23:26:18.732(UTC-07:00),17.14992,6.34372,4.70233,13.97960,16.54313,8.66010
1692167178769,2023-08-15T23:26:18.769(UTC-07:00),17.14246,6.36846,4.72044,13.96930,16.64492,8.72766
1692167178807,2023-08-15T23:26:18.807(UTC-07:00),17.15140,6.37379,4.73130,13.98167,16.71136,8.75731
1692167178874,2023-08-15T23:26:18.874(UTC-07:00),17.16559,6.41463,4.72533,13.98810,16.79602,8.78455
1692167178912,2023-08-15T23:26:18.912(UTC-07:00),17.13821,6.35081,4.71740,13.97570,16.50512,8.75787
1692167178950,2023-08-15T23:26:18.950(UTC-07:00),17.13628,6.25952,4.69685,13.95800,16.13493,8.57370
1692167179017,2023-08-15T23:26:19.017(UTC-07:00),17.13861,6.24932,4.69190,13.94755,15.97439,8.48313
1692167179055,2023-08-15T23:26:19.055(UTC-07:00),17.15569,6.22300,4.67259,13.95649,15.90941,8.42101
1692167179093,2023-08-15T23:26:19.093(UTC-07:00),17.13430,6.22240,4.66207,13.95047,15.87547,8.40082
1692167179167,2023-08-15T23:26:19.167(UTC-07:00),17.15593,6.21239,4.65365,13.95954,15.88934,8.38153
1692167179197,2023-08-15T23:26:19.197(UTC-07:00),17.14623,6.21880,4.66236,13.96426,15.90572,8.39195
1692167179235,2023-08-15T23:26:19.235(UTC-07:00),17.12886,6.26177,4.64947,13.93168,15.97194,8.37849
1692167179309,2023-08-15T23:26:19.309(UTC-07:00),17.14526,6.28296,4.69993,13.93686,16.05523,8.45193
1692167179346,2023-08-15T23:26:19.346(UTC-07:00),17.13525,6.32609,4.69355,13.92382,16.19593,8.49825
1692167179377,2023-08-15T23:26:19.377(UTC-07:00),17.11312,6.34926,4.71393,13.90658,16.29556,8.55633
1692167179452,2023-08-15T23:26:19.452(UTC-07:00),17.13280,6.35217,4.75839,13.91287,16.37580,8.63970
1692167179489,2023-08-15T23:26:19.489(UTC-07:00),17.12412,6.39517,4.75201,13.90556,16.47827,8.65426
1692167179527,2023-08-15T23:26:19.527(UTC-07:00),17.14897,6.35803,4.77945,13.94207,16.51140,8.70574
1692167179594,2023-08-15T23:26:19.594(UTC-07:00),17.14766,6.39151,4.73903,13.94410,16.59654,8.69225
1692167179632,2023-08-15T23:26:19.632(UTC-07:00),17.12777,6.44553,4.73215,13.90673,16.69805,8.70565
1692167179669,2023-08-15T23:26:19.669(UTC-07:00),17.12128,6.43600,4.78418,13.91701,16.75935,8.78543
1692167179738,2023-08-15T23:26:19.738(UTC-07:00),17.12460,6.48068,4.79740,13.89917,16.86017,8.82378
1692167179774,2023-08-15T23:26:19.774(UTC-07:00),17.12126,6.45630,4.80018,13.89800,16.87018,8.87401
1692167179812,2023-08-15T23:26:19.812(UTC-07:00),17.14401,6.39192,4.80186,13.91823,16.56446,8.81126
1692167179887,2023-08-15T23:26:19.887(UTC-07:00),17.12244,6.36168,4.74654,13.89467,16.27248,8.60172
1692167179918,2023-08-15T23:26:19.918(UTC-07:00),17.14037,6.33365,4.73905,13.90376,16.14671,8.51433
1692167179954,2023-08-15T23:26:19.954(UTC-07:00),17.14334,6.30476,4.73098,13.89767,16.08677,8.47849
1692167180029,2023-08-15T23:26:20.029(UTC-07:00),17.12850,6.32022,4.74982,13.89305,16.05814,8.46826
1692167180067,2023-08-15T23:26:20.067(UTC-07:00),17.13413,6.32659,4.74898,13.89616,16.10608,8.48621
1692167180097,2023-08-15T23:26:20.097(UTC-07:00),17.14101,6.32403,4.73869,13.87944,16.10545,8.49034
1692167180172,2023-08-15T23:26:20.172(UTC-07:00),17.13977,6.31258,4.75309,13.90135,16.09275,8.49072
1692167180209,2023-08-15T23:26:20.209(UTC-07:00),17.13620,6.35088,4.74041,13.88799,16.14767,8.49107
1692167180247,2023-08-15T23:26:20.247(UTC-07:00),17.13509,6.36205,4.76140,13.87199,16.21080,8.53379
1692167180314,2023-08-15T23:26:20.314(UTC-07:00),17.13594,6.37586,4.79166,13.88124,16.27494,8.57827
1692167180352,2023-08-15T23:26:20.352(UTC-07:00),17.12610,6.39185,4.75583,13.87004,16.35266,8.56734
1692167180389,2023-08-15T23:26:20.389(UTC-07:00),17.14964,6.38195,4.78886,13.90000,16.40478,8.61544
1692167180458,2023-08-15T23:26:20.458(UTC-07:00),17.16105,6.40790,4.78243,13.90452,16.48208,8.64254
1692167180495,2023-08-15T23:26:20.495(UTC-07:00),17.14169,6.43457,4.78124,13.89173,16.55244,8.68113
1692167180532,2023-08-15T23:26:20.532(UTC-07:00),17.13166,6.41736,4.78390,13.87977,16.61234,8.70354
1692167180607,2023-08-15T23:26:20.607(UTC-07:00),17.11922,6.48945,4.82047,13.85841,16.72817,8.75922
1692167180637,2023-08-15T23:26:20.637(UTC-07:00),17.12308,6.47361,4.84620,13.85757,16.70024,8.80660
1692167180674,2023-08-15T23:26:20.674(UTC-07:00),17.12103,6.42815,4.82274,13.84961,16.40725,8.72544
1692167180750,2023-08-15T23:26:20.750(UTC-07:00),17.13640,6.38122,4.79936,13.85365,16.14994,8.54412
1692167180787,2023-08-15T23:26:20.787(UTC-07:00),17.13402,6.34902,4.78298,13.85904,16.02672,8.47803
1692167180817,2023-08-15T23:26:20.817(UTC-07:00),17.13371,6.35407,4.77268,13.84297,15.98816,8.43084
1692167180892,2023-08-15T23:26:20.892(UTC-07:00),17.14354,6.35700,4.77383,13.84963,15.97382,8.41533
1692167180930,2023-08-15T23:26:20.930(UTC-07:00),17.12429,6.36950,4.77682,13.82427,16.02379,8.44342
1692167180967,2023-08-15T23:26:20.967(UTC-07:00),17.13311,6.34233,4.78395,13.83188,15.97749,8.45875
1692167181034,2023-08-15T23:26:21.034(UTC-07:00),17.12020,6.36470,4.79303,13.83155,16.00163,8.45213
1692167181072,2023-08-15T23:26:21.072(UTC-07:00),17.11357,6.37616,4.80111,13.81897,16.02924,8.46083
1692167181109,2023-08-15T23:26:21.109(UTC-07:00),17.13220,6.36032,4.81574,13.83618,16.06581,8.47467
1692167181177,2023-08-15T23:26:21.177(UTC-07:00),17.12612,6.43055,4.79806,13.81910,16.17921,8.48737
1692167181214,2023-08-15T23:26:21.214(UTC-07:00),17.13621,6.41162,4.82540,13.83787,16.23430,8.55190
1692167181252,2023-08-15T23:26:21.252(UTC-07:00),17.15266,6.42124,4.81189,13.84660,16.31191,8.56970
1692167181327,2023-08-15T23:26:21.327(UTC-07:00),17.13671,6.43539,4.80393,13.83593,16.35455,8.59455
1692167181357,2023-08-15T23:26:21.357(UTC-07:00),17.13886,6.46382,4.82792,13.83241,16.44885,8.65414
1692167181394,2023-08-15T23:26:21.394(UTC-07:00),17.11748,6.49405,4.84439,13.81154,16.56339,8.66701
1692167181469,2023-08-15T23:26:21.469(UTC-07:00),17.13129,6.46647,4.85932,13.80901,16.49541,8.71113
1692167181507,2023-08-15T23:26:21.507(UTC-07:00),17.13210,6.41075,4.85254,13.81239,16.21831,8.61951
1692167181537,2023-08-15T23:26:21.537(UTC-07:00),17.12636,6.40026,4.81710,13.79451,16.03975,8.48726
1692167181612,2023-08-15T23:26:21.612(UTC-07:00),17.13078,6.35690,4.81611,13.80178,15.92355,8.43163
1692167181649,2023-08-15T23:26:21.649(UTC-07:00),17.12459,6.35078,4.80923,13.78881,15.86292,8.40627
1692167181688,2023-08-15T23:26:21.688(UTC-07:00),17.14692,6.34399,4.82559,13.80896,15.87903,8.40948
1692167181755,2023-08-15T23:26:21.755(UTC-07:00),17.13471,6.36896,4.81115,13.79119,15.91103,8.42463
1692167181793,2023-08-15T23:26:21.793(UTC-07:00),17.13098,6.36135,4.83388,13.79493,15.87368,8.44330
1692167181829,2023-08-15T23:26:21.829(UTC-07:00),17.12349,6.36250,4.80904,13.79314,15.88254,8.39740
1692167181904,2023-08-15T23:26:21.904(UTC-07:00),17.11840,6.40348,4.81082,13.76857,15.94712,8.42004
1692167181935,2023-08-15T23:26:21.935(UTC-07:00),17.12568,6.39547,4.84917,13.77288,15.98686,8.46353
1692167181972,2023-08-15T23:26:21.972(UTC-07:00),17.12269,6.41170,4.86028,13.78198,16.04564,8.50332
1692167182047,2023-08-15T23:26:22.047(UTC-07:00),17.14831,6.41462,4.83223,13.78171,16.08138,8.48891
1692167182077,2023-08-15T23:26:22.077(UTC-07:00),17.12577,6.42692,4.85987,13.78778,16.12481,8.55425
1692167182114,2023-08-15T23:26:22.114(UTC-07:00),17.13385,6.44180,4.85664,13.78146,16.21625,8.56773
1692167182189,2023-08-15T23:26:22.189(UTC-07:00),17.12346,6.46312,4.86301,13.76215,16.23921,8.58765
1692167182227,2023-08-15T23:26:22.227(UTC-07:00),17.11854,6.43449,4.86507,13.74894,16.04505,8.56132
1692167182257,2023-08-15T23:26:22.257(UTC-07:00),17.12239,6.34389,4.86082,13.75421,15.71675,8.44599
1692167182332,2023-08-15T23:26:22.332(UTC-07:00),17.11769,6.35321,4.83033,13.74903,15.61474,8.33923
1692167182369,2023-08-15T23:26:22.369(UTC-07:00),17.10145,6.32234,4.82951,13.74435,15.52458,8.30422
1692167182407,2023-08-15T23:26:22.407(UTC-07:00),17.12235,6.29304,4.80902,13.75257,15.41161,8.25047
1692167182474,2023-08-15T23:26:22.474(UTC-07:00),17.10138,6.32994,4.82617,13.72161,15.44446,8.25280
1692167182512,2023-08-15T23:26:22.512(UTC-07:00),17.11735,6.30526,4.86205,13.73521,15.38814,8.29249
1692167182549,2023-08-15T23:26:22.549(UTC-07:00),17.12358,6.30065,4.83351,13.75356,15.36863,8.25012
1692167182618,2023-08-15T23:26:22.618(UTC-07:00),17.13642,6.27414,4.82358,13.76379,15.36470,8.27068
1692167182654,2023-08-15T23:26:22.654(UTC-07:00),17.10745,6.30576,4.80916,13.74002,15.40454,8.25538
1692167182692,2023-08-15T23:26:22.692(UTC-07:00),17.11985,6.33124,4.83065,13.73068,15.48769,8.28671
1692167182767,2023-08-15T23:26:22.767(UTC-07:00),17.11338,6.35014,4.83244,13.73029,15.54458,8.31488
1692167182797,2023-08-15T23:26:22.797(UTC-07:00),17.11933,6.34384,4.84851,13.73238,15.54993,8.33027
1692167182834,2023-08-15T23:26:22.834(UTC-07:00),17.10981,6.34538,4.86407,13.73337,15.55734,8.35460
1692167182909,2023-08-15T23:26:22.909(UTC-07:00),17.11061,6.34942,4.85938,13.72598,15.57630,8.37223
1692167182947,2023-08-15T23:26:22.947(UTC-07:00),17.11061,6.33462,4.86660,13.72965,15.50581,8.38489
1692167182978,2023-08-15T23:26:22.978(UTC-07:00),17.10822,6.28720,4.85700,13.71913,15.21866,8.26932
1692167183052,2023-08-15T23:26:23.052(UTC-07:00),17.12049,6.25702,4.82196,13.71747,15.02438,8.14927
1692167183089,2023-08-15T23:26:23.089(UTC-07:00),17.10487,6.24981,4.80114,13.70703,14.98175,8.08561
1692167183127,2023-08-15T23:26:23.127(UTC-07:00),17.12714,6.22041,4.81230,13.72598,14.91156,8.08360
1692167183194,2023-08-15T23:26:23.194(UTC-07:00),17.10613,6.26633,4.81990,13.69613,14.98225,8.07125
1692167183232,2023-08-15T23:26:23.232(UTC-07:00),17.10955,6.25024,4.85414,13.70539,14.98808,8.12414
1692167183269,2023-08-15T23:26:23.269(UTC-07:00),17.12881,6.23377,4.83286,13.72085,14.91888,8.10752
1692167183344,2023-08-15T23:26:23.344(UTC-07:00),17.13952,6.21687,4.81986,13.72809,14.89321,8.08889
1692167183375,2023-08-15T23:26:23.375(UTC-07:00),17.10908,6.25434,4.81207,13.68991,14.96689,8.08693
1692167183412,2023-08-15T23:26:23.412(UTC-07:00),17.10235,6.30502,4.84765,13.67795,15.07853,8.15662
1692167183488,2023-08-15T23:26:23.488(UTC-07:00),17.09767,6.29643,4.87715,13.67967,15.11328,8.20207
1692167183524,2023-08-15T23:26:23.524(UTC-07:00),17.12551,6.31507,4.85898,13.70387,15.18663,8.19299
1692167183555,2023-08-15T23:26:23.555(UTC-07:00),17.11402,6.33136,4.86602,13.68308,15.25485,8.23729
1692167183629,2023-08-15T23:26:23.629(UTC-07:00),17.10970,6.30911,4.88302,13.70193,15.30472,8.27698
1692167183667,2023-08-15T23:26:23.667(UTC-07:00),17.10901,6.35691,4.86292,13.67177,15.35640,8.29157
1692167183697,2023-08-15T23:26:23.697(UTC-07:00),17.12000,6.33888,4.89524,13.68209,15.40422,8.34373
1692167183772,2023-08-15T23:26:23.772(UTC-07:00),17.10381,6.36950,4.89098,13.67055,15.41196,8.34138
1692167183810,2023-08-15T23:26:23.810(UTC-07:00),17.08920,6.34250,4.89974,13.64415,15.15145,8.29613
1692167183847,2023-08-15T23:26:23.847(UTC-07:00),17.09258,6.28369,4.86276,13.63952,14.89302,8.12884
1692167183922,2023-08-15T23:26:23.922(UTC-07:00),17.11198,6.24549,4.89228,13.65371,14.78148,8.11523
1692167183953,2023-08-15T23:26:23.953(UTC-07:00),17.12260,6.20444,4.85750,13.68062,14.69051,8.05070
1692167183989,2023-08-15T23:26:23.989(UTC-07:00),17.12872,6.25889,4.83882,13.67574,14.75896,8.01793
1692167184058,2023-08-15T23:26:24.058(UTC-07:00),17.11621,6.24734,4.85643,13.68411,14.78031,8.05674
1692167184094,2023-08-15T23:26:24.094(UTC-07:00),17.13054,6.24525,4.87471,13.69346,14.75938,8.09993
1692167184132,2023-08-15T23:26:24.132(UTC-07:00),17.12508,6.22946,4.85097,13.69080,14.75501,8.08338
1692167184208,2023-08-15T23:26:24.208(UTC-07:00),17.14273,6.21434,4.85241,13.70076,14.78319,8.10691
1692167184237,2023-08-15T23:26:24.237(UTC-07:00),17.14003,6.26401,4.85795,13.69433,14.86537,8.11060
1692167184274,2023-08-15T23:26:24.274(UTC-07:00),17.11538,6.28194,4.85821,13.67340,14.94204,8.13168
1692167184349,2023-08-15T23:26:24.349(UTC-07:00),17.12437,6.30367,4.88813,13.67831,15.01359,8.17700
1692167184387,2023-08-15T23:26:24.387(UTC-07:00),17.13389,6.32852,4.88680,13.67794,15.10664,8.20390
1692167184424,2023-08-15T23:26:24.424(UTC-07:00),17.14670,6.32580,4.91799,13.69659,15.13855,8.26578
1692167184492,2023-08-15T23:26:24.492(UTC-07:00),17.14961,6.35543,4.88000,13.68824,15.20850,8.25187
1692167184529,2023-08-15T23:26:24.529(UTC-07:00),17.11762,6.36174,4.92110,13.67946,15.27772,8.30846
1692167184567,2023-08-15T23:26:24.567(UTC-07:00),17.13814,6.37519,4.92882,13.67275,15.33415,8.35693
1692167184634,2023-08-15T23:26:24.634(UTC-07:00),17.13962,6.39021,4.93569,13.66429,15.40904,8.38752
1692167184672,2023-08-15T23:26:24.672(UTC-07:00),17.14017,6.40792,4.95587,13.66053,15.49955,8.42155
1692167184710,2023-08-15T23:26:24.710(UTC-07:00),17.13736,6.43072,4.96601,13.66311,15.55959,8.45615
1692167184778,2023-08-15T23:26:24.778(UTC-07:00),17.09714,6.48464,4.94416,13.61407,15.65289,8.44592
1692167184815,2023-08-15T23:26:24.815(UTC-07:00),17.10718,6.47100,4.99717,13.64016,15.69867,8.52565
1692167184852,2023-08-15T23:26:24.852(UTC-07:00),17.11550,6.46516,4.98654,13.65462,15.76256,8.53443
1692167184927,2023-08-15T23:26:24.927(UTC-07:00),17.13110,6.45097,4.97500,13.66390,15.68019,8.55617
1692167184958,2023-08-15T23:26:24.958(UTC-07:00),17.14266,6.34070,4.96847,13.67011,15.21553,8.43185
1692167184994,2023-08-15T23:26:24.994(UTC-07:00),17.10702,6.34080,4.90573,13.63323,15.02460,8.22852
1692167185069,2023-08-15T23:26:25.069(UTC-07:00),17.12100,6.30750,4.93408,13.64181,14.89788,8.19974
1692167185107,2023-08-15T23:26:25.107(UTC-07:00),17.11241,6.27809,4.93065,13.64031,14.82153,8.17508
1692167185138,2023-08-15T23:26:25.138(UTC-07:00),17.14104,6.29245,4.91560,13.65463,14.82420,8.14036
1692167185212,2023-08-15T23:26:25.212(UTC-07:00),17.12471,6.30846,4.89347,13.63824,14.89286,8.12587
1692167185249,2023-08-15T23:26:25.249(UTC-07:00),17.12362,6.27409,4.90964,13.66230,14.82588,8.15165
1692167185287,2023-08-15T23:26:25.287(UTC-07:00),17.13309,6.26626,4.89757,13.65188,14.82876,8.13873
1692167185354,2023-08-15T23:26:25.354(UTC-07:00),17.12238,6.31482,4.90395,13.64627,14.90889,8.14989
1692167185393,2023-08-15T23:26:25.393(UTC-07:00),17.12109,6.30384,4.91123,13.64197,14.95048,8.19156
1692167185429,2023-08-15T23:26:25.429(UTC-07:00),17.12686,6.31787,4.91850,13.63685,14.99847,8.22137
1692167185497,2023-08-15T23:26:25.497(UTC-07:00),17.10968,6.35856,4.93005,13.62138,15.08421,8.24047
1692167185534,2023-08-15T23:26:25.534(UTC-07:00),17.11971,6.36901,4.96231,13.61926,15.13419,8.28660
1692167185571,2023-08-15T23:26:25.571(UTC-07:00),17.12698,6.37901,4.94432,13.62863,15.19619,8.28656
1692167185647,2023-08-15T23:26:25.647(UTC-07:00),17.12641,6.38875,4.95724,13.63373,15.23356,8.31632
1692167185678,2023-08-15T23:26:25.678(UTC-07:00),17.12176,6.39431,4.95571,13.64131,15.26158,8.34102
1692167185714,2023-08-15T23:26:25.714(UTC-07:00),17.12825,6.45072,4.93929,13.61010,15.36164,8.33548
1692167185789,2023-08-15T23:26:25.789(UTC-07:00),17.10821,6.44264,4.99347,13.61031,15.43751,8.39927
1692167185827,2023-08-15T23:26:25.827(UTC-07:00),17.10718,6.49058,5.00183,13.59988,15.55891,8.44875
1692167185857,2023-08-15T23:26:25.857(UTC-07:00),17.13184,6.48982,5.03182,13.61507,15.64009,8.50804
1692167185932,2023-08-15T23:26:25.932(UTC-07:00),17.10982,6.52132,5.00951,13.59702,15.76166,8.52524
1692167185969,2023-08-15T23:26:25.969(UTC-07:00),17.11706,6.51986,5.05825,13.61622,15.79495,8.61291
1692167186000,2023-08-15T23:26:26.000(UTC-07:00),17.12917,6.45767,5.01942,13.60926,15.47970,8.53555
1692167186075,2023-08-15T23:26:26.075(UTC-07:00),17.11282,6.38228,4.99042,13.59933,15.10444,8.32581
1692167186112,2023-08-15T23:26:26.112(UTC-07:00),17.13417,6.35249,4.97782,13.60530,14.96534,8.23762
1692167186150,2023-08-15T23:26:26.150(UTC-07:00),17.12046,6.36658,4.95511,13.58485,14.91604,8.17597
1692167186217,2023-08-15T23:26:26.217(UTC-07:00),17.11094,6.36904,4.96434,13.57083,14.87595,8.16740
1692167186254,2023-08-15T23:26:26.254(UTC-07:00),17.13309,6.37652,4.97309,13.58084,14.94141,8.18463
1692167186292,2023-08-15T23:26:26.292(UTC-07:00),17.11216,6.37118,4.96089,13.58024,14.92003,8.18577
1692167186360,2023-08-15T23:26:26.360(UTC-07:00),17.10985,6.39554,4.96265,13.57648,14.96146,8.17246
1692167186397,2023-08-15T23:26:26.397(UTC-07:00),17.11657,6.40601,4.97241,13.56348,15.00156,8.19726
1692167186434,2023-08-15T23:26:26.434(UTC-07:00),17.12817,6.38445,4.99700,13.58921,15.02587,8.23883
1692167186509,2023-08-15T23:26:26.509(UTC-07:00),17.10932,6.40329,4.98309,13.58133,15.10331,8.26020
1692167186540,2023-08-15T23:26:26.540(UTC-07:00),17.10151,6.41010,4.99677,13.56146,15.12694,8.28824
1692167186577,2023-08-15T23:26:26.577(UTC-07:00),17.12345,6.42656,5.03055,13.57372,15.19188,8.33468
1692167186652,2023-08-15T23:26:26.652(UTC-07:00),17.11807,6.45376,5.00812,13.56993,15.25254,8.32411
1692167186690,2023-08-15T23:26:26.690(UTC-07:00),17.10740,6.48157,5.03267,13.56069,15.35576,8.37611
1692167186720,2023-08-15T23:26:26.720(UTC-07:00),17.11545,6.46215,5.03041,13.57669,15.39447,8.39901
1692167186794,2023-08-15T23:26:26.794(UTC-07:00),17.13709,6.50199,5.03570,13.57380,15.49283,8.43804
1692167186832,2023-08-15T23:26:26.832(UTC-07:00),17.10495,6.51023,5.04734,13.55280,15.53971,8.46565
1692167186869,2023-08-15T23:26:26.869(UTC-07:00),17.12867,6.50632,5.06230,13.57853,15.58332,8.50585
1692167186937,2023-08-15T23:26:26.937(UTC-07:00),17.10568,6.55807,5.05175,13.55666,15.69406,8.52034
1692167186974,2023-08-15T23:26:26.974(UTC-07:00),17.12527,6.55654,5.08696,13.56496,15.72472,8.57460
1692167187012,2023-08-15T23:26:27.012(UTC-07:00),17.11795,6.56303,5.08305,13.55915,15.73992,8.58998
1692167187087,2023-08-15T23:26:27.087(UTC-07:00),17.08934,6.49372,5.07579,13.53082,15.40280,8.51006
1692167187117,2023-08-15T23:26:27.117(UTC-07:00),17.12978,6.45062,5.05393,13.55412,15.10471,8.35071
1692167187155,2023-08-15T23:26:27.155(UTC-07:00),17.13047,6.38794,5.01725,13.57292,14.89726,8.21031
1692167187229,2023-08-15T23:26:27.229(UTC-07:00),17.12668,6.34565,4.96706,13.57229,14.77838,8.12420
1692167187260,2023-08-15T23:26:27.260(UTC-07:00),17.12050,6.37768,4.97003,13.54795,14.79644,8.10469
1692167187297,2023-08-15T23:26:27.297(UTC-07:00),17.11992,6.41062,4.99478,13.54466,14.87672,8.14474
1692167187372,2023-08-15T23:26:27.372(UTC-07:00),17.11186,6.39882,5.01766,13.54507,14.88762,8.19064
1692167187409,2023-08-15T23:26:27.409(UTC-07:00),17.13164,6.39984,5.00127,13.56054,14.87934,8.17124
1692167187440,2023-08-15T23:26:27.440(UTC-07:00),17.12403,6.38905,5.00317,13.55303,14.87680,8.15397
1692167187522,2023-08-15T23:26:27.522(UTC-07:00),17.13039,6.40868,4.99876,13.54655,14.93237,8.16376
1692167187553,2023-08-15T23:26:27.553(UTC-07:00),17.13409,6.40928,5.01648,13.55302,14.97720,8.19194
1692167187590,2023-08-15T23:26:27.590(UTC-07:00),17.12422,6.44900,5.00926,13.54370,15.08898,8.22077
1692167187657,2023-08-15T23:26:27.657(UTC-07:00),17.11681,6.45673,5.03223,13.52958,15.16975,8.26657
1692167187694,2023-08-15T23:26:27.694(UTC-07:00),17.10921,6.50508,5.05074,13.52061,15.29508,8.33281
1692167187732,2023-08-15T23:26:27.732(UTC-07:00),17.11517,6.49553,5.06909,13.54086,15.33167,8.38969
1692167187800,2023-08-15T23:26:27.800(UTC-07:00),17.11536,6.50538,5.06040,13.53199,15.37747,8.38970
1692167187837,2023-08-15T23:26:27.837(UTC-07:00),17.11636,6.54431,5.06149,13.52509,15.47147,8.40914
1692167187874,2023-08-15T23:26:27.874(UTC-07:00),17.13218,6.57272,5.08745,13.52737,15.57198,8.45278
1692167187950,2023-08-15T23:26:27.950(UTC-07:00),17.13212,6.55695,5.09276,13.53326,15.63245,8.49178
1692167187987,2023-08-15T23:26:27.987(UTC-07:00),17.10396,6.58371,5.07949,13.52360,15.67646,8.50453
1692167188017,2023-08-15T23:26:28.017(UTC-07:00),17.09294,6.52796,5.07840,13.51150,15.38241,8.44477
1692167188091,2023-08-15T23:26:28.091(UTC-07:00),17.11851,6.45963,5.05660,13.52649,15.06468,8.28700
1692167188129,2023-08-15T23:26:28.129(UTC-07:00),17.12070,6.43436,5.04661,13.52363,14.92005,8.19875
1692167188160,2023-08-15T23:26:28.160(UTC-07:00),17.11684,6.42737,5.02952,13.51622,14.84585,8.15169
1692167188234,2023-08-15T23:26:28.234(UTC-07:00),17.12305,6.39981,5.03694,13.51391,14.79061,8.13291
1692167188272,2023-08-15T23:26:28.272(UTC-07:00),17.10685,6.44506,5.03375,13.49370,14.85608,8.13180
1692167188309,2023-08-15T23:26:28.309(UTC-07:00),17.09014,6.44655,5.06005,13.48120,14.83587,8.15526
1692167188377,2023-08-15T23:26:28.377(UTC-07:00),17.11788,6.44211,5.06530,13.50249,14.83911,8.14416
1692167188414,2023-08-15T23:26:28.414(UTC-07:00),17.12350,6.39577,5.03965,13.52283,14.82024,8.12034
1692167188452,2023-08-15T23:26:28.452(UTC-07:00),17.11398,6.42861,5.00626,13.50388,14.89839,8.11370
1692167188520,2023-08-15T23:26:28.520(UTC-07:00),17.13496,6.46244,5.04772,13.52384,14.96422,8.16926
1692167188557,2023-08-15T23:26:28.557(UTC-07:00),17.13812,6.46313,5.04501,13.51556,15.02433,8.18824
1692167188594,2023-08-15T23:26:28.594(UTC-07:00),17.10604,6.49877,5.04247,13.49438,15.12112,8.22065
1692167188669,2023-08-15T23:26:28.669(UTC-07:00),17.12270,6.52127,5.08147,13.49059,15.22330,8.27216
1692167188707,2023-08-15T23:26:28.707(UTC-07:00),17.11249,6.54330,5.08830,13.48910,15.30719,8.31321
1692167188738,2023-08-15T23:26:28.738(UTC-07:00),17.13289,6.50464,5.09700,13.51583,15.34246,8.35698
1692167188812,2023-08-15T23:26:28.812(UTC-07:00),17.12193,6.56558,5.07807,13.49633,15.44974,8.35389
1692167188850,2023-08-15T23:26:28.850(UTC-07:00),17.10917,6.60432,5.12454,13.48025,15.53692,8.43545
1692167188880,2023-08-15T23:26:28.880(UTC-07:00),17.10790,6.56421,5.10795,13.48167,15.46555,8.43088
1692167188954,2023-08-15T23:26:28.954(UTC-07:00),17.11393,6.51368,5.10925,13.48791,15.14744,8.33762
1692167188992,2023-08-15T23:26:28.992(UTC-07:00),17.13268,6.49162,5.06862,13.49188,14.98847,8.19634
1692167189029,2023-08-15T23:26:29.029(UTC-07:00),17.13466,6.45388,5.05671,13.49968,14.89467,8.14599
1692167189097,2023-08-15T23:26:29.097(UTC-07:00),17.12214,6.46026,5.08066,13.49213,14.88102,8.16568
1692167189134,2023-08-15T23:26:29.134(UTC-07:00),17.11915,6.44775,5.04975,13.48269,14.90766,8.12335
1692167189172,2023-08-15T23:26:29.172(UTC-07:00),17.10903,6.49036,5.07115,13.47864,14.97957,8.15511
1692167189240,2023-08-15T23:26:29.240(UTC-07:00),17.12014,6.46831,5.06823,13.48051,14.92491,8.15345
1692167189277,2023-08-15T23:26:29.277(UTC-07:00),17.12067,6.44944,5.05839,13.49868,14.93154,8.14437
1692167189314,2023-08-15T23:26:29.314(UTC-07:00),17.11565,6.47446,5.06225,13.47697,14.97782,8.17661
1692167189389,2023-08-15T23:26:29.389(UTC-07:00),17.12935,6.48699,5.09008,13.48658,15.03103,8.22373
1692167189420,2023-08-15T23:26:29.420(UTC-07:00),17.10966,6.53208,5.07692,13.45772,15.14108,8.20688
1692167189457,2023-08-15T23:26:29.457(UTC-07:00),17.12662,6.52265,5.10681,13.47098,15.17871,8.27050
1692167189532,2023-08-15T23:26:29.532(UTC-07:00),17.09611,6.56229,5.10450,13.44948,15.29510,8.28189
1692167189569,2023-08-15T23:26:29.569(UTC-07:00),17.09204,6.58065,5.13190,13.45240,15.36885,8.35609
1692167189600,2023-08-15T23:26:29.600(UTC-07:00),17.10981,6.57979,5.13614,13.45786,15.44038,8.37163
1692167189674,2023-08-15T23:26:29.674(UTC-07:00),17.10083,6.60120,5.12097,13.46056,15.53899,8.40341
1692167189712,2023-08-15T23:26:29.712(UTC-07:00),17.10303,6.58139,5.13320,13.44993,15.38580,8.41767
1692167189749,2023-08-15T23:26:29.749(UTC-07:00),17.10733,6.49701,5.12726,13.47466,15.08385,8.30169
1692167189817,2023-08-15T23:26:29.817(UTC-07:00),17.10302,6.50576,5.07863,13.44149,15.00059,8.17796
1692167189854,2023-08-15T23:26:29.854(UTC-07:00),17.07381,6.55266,5.08878,13.41283,15.01311,8.18226
1692167189892,2023-08-15T23:26:29.892(UTC-07:00),17.10744,6.51829,5.13785,13.44245,14.97371,8.21455
1692167189960,2023-08-15T23:26:29.960(UTC-07:00),17.10686,6.54776,5.10681,13.43531,15.07855,8.18458
1692167189997,2023-08-15T23:26:29.997(UTC-07:00),17.11286,6.55033,5.14025,13.45288,15.07787,8.23801
1692167190034,2023-08-15T23:26:30.034(UTC-07:00),17.12522,6.53135,5.12407,13.45781,15.07589,8.24828
1692167190109,2023-08-15T23:26:30.109(UTC-07:00),17.13759,6.54192,5.13226,13.46527,15.12101,8.26594
1692167190140,2023-08-15T23:26:30.140(UTC-07:00),17.11504,6.58354,5.11733,13.44313,15.21245,8.28083
1692167190177,2023-08-15T23:26:30.177(UTC-07:00),17.10227,6.62051,5.12569,13.41442,15.31823,8.30237
1692167190252,2023-08-15T23:26:30.252(UTC-07:00),17.12891,6.57115,5.19183,13.46108,15.34334,8.39894
1692167190289,2023-08-15T23:26:30.289(UTC-07:00),17.12196,6.60997,5.14836,13.45170,15.43891,8.40756
1692167190320,2023-08-15T23:26:30.320(UTC-07:00),17.12945,6.62577,5.16715,13.44904,15.50734,8.42997
1692167190394,2023-08-15T23:26:30.394(UTC-07:00),17.11676,6.65304,5.14989,13.43637,15.57908,8.42169
1692167190432,2023-08-15T23:26:30.432(UTC-07:00),17.12568,6.63704,5.15204,13.44589,15.60417,8.47066
1692167190469,2023-08-15T23:26:30.469(UTC-07:00),17.11331,6.60793,5.13569,13.43000,15.42538,8.40734
1692167190537,2023-08-15T23:26:30.537(UTC-07:00),17.11726,6.57172,5.14738,13.43277,15.13004,8.31948
1692167190574,2023-08-15T23:26:30.574(UTC-07:00),17.11650,6.52288,5.12932,13.42937,15.01207,8.23747
1692167190612,2023-08-15T23:26:30.612(UTC-07:00),17.09721,6.52132,5.12585,13.41679,14.95264,8.22022
1692167190680,2023-08-15T23:26:30.680(UTC-07:00),17.11023,6.50695,5.13993,13.43318,14.91898,8.20899
1692167190717,2023-08-15T23:26:30.717(UTC-07:00),17.11304,6.54115,5.11171,13.41862,14.98841,8.17494
1692167190755,2023-08-15T23:26:30.755(UTC-07:00),17.10304,6.53415,5.11784,13.41558,14.96250,8.19857
1692167190829,2023-08-15T23:26:30.829(UTC-07:00),17.09663,6.52867,5.15809,13.41458,14.92264,8.21240
1692167190867,2023-08-15T23:26:30.867(UTC-07:00),17.09463,6.53720,5.13536,13.40327,14.96359,8.18725
1692167190897,2023-08-15T23:26:30.897(UTC-07:00),17.12011,6.53817,5.14794,13.41921,14.98209,8.23375
1692167190972,2023-08-15T23:26:30.972(UTC-07:00),17.10864,6.54856,5.15449,13.40689,15.03691,8.24171
1692167191009,2023-08-15T23:26:31.009(UTC-07:00),17.11914,6.58228,5.16721,13.40725,15.10328,8.28174
1692167191040,2023-08-15T23:26:31.040(UTC-07:00),17.12019,6.60102,5.18208,13.40791,15.15692,8.29910
1692167191115,2023-08-15T23:26:31.115(UTC-07:00),17.10011,6.61855,5.17179,13.39700,15.22791,8.31302
1692167191152,2023-08-15T23:26:31.152(UTC-07:00),17.12456,6.60180,5.18103,13.41995,15.21542,8.33083
1692167191190,2023-08-15T23:26:31.190(UTC-07:00),17.10905,6.61499,5.16215,13.42013,15.27804,8.31871
1692167191257,2023-08-15T23:26:31.257(UTC-07:00),17.09246,6.63612,5.15743,13.40020,15.36973,8.34994
1692167191294,2023-08-15T23:26:31.294(UTC-07:00),17.12646,6.58469,5.18261,13.42169,15.21701,8.40192
1692167191333,2023-08-15T23:26:31.333(UTC-07:00),17.10616,6.55704,5.15087,13.39248,14.90968,8.23161
1692167191400,2023-08-15T23:26:31.400(UTC-07:00),17.11151,6.52034,5.16584,13.40001,14.75646,8.16832
1692167191437,2023-08-15T23:26:31.437(UTC-07:00),17.10902,6.48437,5.13549,13.39859,14.66794,8.12106
1692167191474,2023-08-15T23:26:31.474(UTC-07:00),17.11843,6.46924,5.12349,13.40667,14.60567,8.07649
1692167191550,2023-08-15T23:26:31.550(UTC-07:00),17.11622,6.49808,5.12091,13.39636,14.66070,8.05981
1692167191580,2023-08-15T23:26:31.580(UTC-07:00),17.11362,6.50216,5.12269,13.38310,14.64876,8.06722
1692167191617,2023-08-15T23:26:31.617(UTC-07:00),17.09638,6.47930,5.13555,13.37881,14.57026,8.05855
1692167191692,2023-08-15T23:26:31.692(UTC-07:00),17.11623,6.48600,5.13856,13.39650,14.60124,8.05316
1692167191729,2023-08-15T23:26:31.729(UTC-07:00),17.10612,6.49000,5.13797,13.39394,14.61033,8.05611
1692167191760,2023-08-15T23:26:31.760(UTC-07:00),17.10469,6.49311,5.13303,13.38196,14.64568,8.06473
1692167191834,2023-08-15T23:26:31.834(UTC-07:00),17.10595,6.52603,5.17181,13.37110,14.73611,8.12210
1692167191872,2023-08-15T23:26:31.872(UTC-07:00),17.12427,6.51878,5.16181,13.39612,14.74099,8.13532
1692167191909,2023-08-15T23:26:31.909(UTC-07:00),17.11957,6.55124,5.13614,13.38308,14.82687,8.13784
1692167191977,2023-08-15T23:26:31.977(UTC-07:00),17.13773,6.53599,5.18235,13.40283,14.85735,8.18546
1692167192015,2023-08-15T23:26:32.015(UTC-07:00),17.10693,6.53467,5.13736,13.38937,14.90037,8.17296
1692167192052,2023-08-15T23:26:32.052(UTC-07:00),17.12152,6.56696,5.16880,13.40014,14.97569,8.22245
1692167192120,2023-08-15T23:26:32.120(UTC-07:00),17.12531,6.56520,5.17797,13.40045,15.00914,8.26258
1692167192157,2023-08-15T23:26:32.157(UTC-07:00),17.10602,6.58706,5.16433,13.37135,15.08451,8.27391
1692167192195,2023-08-15T23:26:32.195(UTC-07:00),17.08467,6.63119,5.20508,13.34781,15.18428,8.33498
1692167192269,2023-08-15T23:26:32.269(UTC-07:00),17.12105,6.64143,5.23142,13.37918,15.24126,8.38246
1692167192300,2023-08-15T23:26:32.300(UTC-07:00),17.09460,6.66630,5.22024,13.36379,15.30637,8.37788
1692167192337,2023-08-15T23:26:32.337(UTC-07:00),17.09641,6.68077,5.22524,13.35525,15.38098,8.41147
1692167192412,2023-08-15T23:26:32.412(UTC-07:00),17.11604,6.64291,5.24552,13.39050,15.29270,8.44021
1692167192449,2023-08-15T23:26:32.449(UTC-07:00),17.10684,6.59708,5.17269,13.36084,14.91876,8.27005
1692167192480,2023-08-15T23:26:32.480(UTC-07:00),17.14199,6.52616,5.17826,13.38187,14.66780,8.13817
1692167192554,2023-08-15T23:26:32.554(UTC-07:00),17.10961,6.50971,5.15135,13.36405,14.53192,8.05231
1692167192593,2023-08-15T23:26:32.593(UTC-07:00),17.10879,6.48449,5.16580,13.36634,14.45578,8.04278
1692167192629,2023-08-15T23:26:32.629(UTC-07:00),17.11407,6.48664,5.13667,13.35660,14.41688,7.98478
1692167192697,2023-08-15T23:26:32.697(UTC-07:00),17.09827,6.48074,5.16083,13.33923,14.46070,8.01629
1692167192735,2023-08-15T23:26:32.735(UTC-07:00),17.12589,6.48523,5.18534,13.36425,14.43176,8.04669
1692167192772,2023-08-15T23:26:32.772(UTC-07:00),17.11299,6.48812,5.14800,13.35643,14.41412,7.99028
1692167192840,2023-08-15T23:26:32.840(UTC-07:00),17.12084,6.50225,5.15849,13.36092,14.47554,8.01341
1692167192877,2023-08-15T23:26:32.877(UTC-07:00),17.10823,6.50536,5.14697,13.35135,14.50900,8.01469
1692167192914,2023-08-15T23:26:32.914(UTC-07:00),17.08928,6.53611,5.16739,13.33996,14.58741,8.06549
1692167192990,2023-08-15T23:26:32.990(UTC-07:00),17.10487,6.50054,5.19751,13.35374,14.60114,8.09854
1692167193020,2023-08-15T23:26:33.020(UTC-07:00),17.12314,6.51493,5.17209,13.35579,14.66227,8.11159
1692167193057,2023-08-15T23:26:33.057(UTC-07:00),17.09958,6.55590,5.17854,13.33848,14.72709,8.12374
1692167193132,2023-08-15T23:26:33.132(UTC-07:00),17.10122,6.58310,5.18872,13.33309,14.78090,8.14432
1692167193169,2023-08-15T23:26:33.169(UTC-07:00),17.08216,6.60632,5.19353,13.29112,14.84010,8.15731
1692167193200,2023-08-15T23:26:33.200(UTC-07:00),17.07881,6.59147,5.23606,13.32182,14.89196,8.22352
1692167193274,2023-08-15T23:26:33.274(UTC-07:00),17.09457,6.62327,5.23827,13.33420,14.96112,8.24150
1692167193312,2023-08-15T23:26:33.312(UTC-07:00),17.09305,6.62458,5.22881,13.33789,15.03343,8.28607
1692167193349,2023-08-15T23:26:33.349(UTC-07:00),17.10764,6.63644,5.23428,13.34227,15.09296,8.30619
1692167193417,2023-08-15T23:26:33.417(UTC-07:00),17.11412,6.64462,5.25421,13.35308,15.20299,8.36943
1692167193454,2023-08-15T23:26:33.454(UTC-07:00),17.10477,6.67973,5.22753,13.32386,15.27105,8.36583
1692167193492,2023-08-15T23:26:33.492(UTC-07:00),17.11063,6.59444,5.23697,13.33894,14.93799,8.32869
1692167193560,2023-08-15T23:26:33.560(UTC-07:00),17.11675,6.54902,5.18302,13.33914,14.63627,8.11838
1692167193597,2023-08-15T23:26:33.597(UTC-07:00),17.10670,6.51507,5.18632,13.32663,14.49572,8.05496
1692167193635,2023-08-15T23:26:33.635(UTC-07:00),17.10851,6.49159,5.16451,13.34356,14.41778,8.00891
1692167193709,2023-08-15T23:26:33.709(UTC-07:00),17.10998,6.51094,5.17437,13.32962,14.41675,7.99861
1692167193740,2023-08-15T23:26:33.740(UTC-07:00),17.09681,6.49874,5.17335,13.31501,14.41694,8.00270
1692167193777,2023-08-15T23:26:33.777(UTC-07:00),17.10165,6.49870,5.18349,13.32343,14.40621,8.03582
1692167193852,2023-08-15T23:26:33.852(UTC-07:00),17.11158,6.46935,5.18559,13.33217,14.34365,7.98991
1692167193889,2023-08-15T23:26:33.889(UTC-07:00),17.09628,6.48572,5.15905,13.31781,14.35940,7.96437
1692167193920,2023-08-15T23:26:33.920(UTC-07:00),17.10986,6.50703,5.20885,13.32030,14.42189,8.02039
1692167193994,2023-08-15T23:26:33.994(UTC-07:00),17.11005,6.52595,5.19001,13.33745,14.51134,8.02727
1692167194032,2023-08-15T23:26:34.032(UTC-07:00),17.11761,6.55827,5.19068,13.33283,14.60806,8.06512
1692167194070,2023-08-15T23:26:34.070(UTC-07:00),17.11641,6.53965,5.19953,13.33152,14.63699,8.09303
1692167194137,2023-08-15T23:26:34.137(UTC-07:00),17.11167,6.59021,5.20678,13.32944,14.73191,8.13166
1692167194175,2023-08-15T23:26:34.175(UTC-07:00),17.08956,6.62170,5.20763,13.29291,14.81054,8.14390
1692167194212,2023-08-15T23:26:34.212(UTC-07:00),17.10049,6.62159,5.25933,13.30144,14.87228,8.21861
1692167194280,2023-08-15T23:26:34.280(UTC-07:00),17.08855,6.66031,5.25501,13.26664,14.96610,8.23722
1692167194317,2023-08-15T23:26:34.317(UTC-07:00),17.11042,6.66521,5.29318,13.28687,15.02621,8.28320
1692167194354,2023-08-15T23:26:34.354(UTC-07:00),17.09674,6.69788,5.28091,13.28964,15.10650,8.31264
1692167194429,2023-08-15T23:26:34.429(UTC-07:00),17.09659,6.68498,5.28138,13.31076,15.16873,8.34535
1692167194460,2023-08-15T23:26:34.460(UTC-07:00),17.11825,6.68294,5.28563,13.32669,15.23524,8.37490
1692167194497,2023-08-15T23:26:34.497(UTC-07:00),17.08904,6.70924,5.27169,13.29624,15.19620,8.38688
1692167194572,2023-08-15T23:26:34.572(UTC-07:00),17.11658,6.61051,5.26691,13.30938,14.79352,8.27263
1692167194609,2023-08-15T23:26:34.609(UTC-07:00),17.10605,6.57225,5.22142,13.29084,14.55379,8.08425
1692167194640,2023-08-15T23:26:34.640(UTC-07:00),17.11168,6.54906,5.21801,13.29931,14.46044,8.03461
1692167194715,2023-08-15T23:26:34.715(UTC-07:00),17.10943,6.51870,5.19941,13.30948,14.41748,7.98284
1692167194752,2023-08-15T23:26:34.752(UTC-07:00),17.09556,6.53873,5.19378,13.29214,14.42329,7.98598
1692167194789,2023-08-15T23:26:34.789(UTC-07:00),17.11189,6.54753,5.21526,13.29118,14.43585,8.00762
1692167194857,2023-08-15T23:26:34.857(UTC-07:00),17.11185,6.53847,5.20981,13.30286,14.39292,7.99655
1692167194895,2023-08-15T23:26:34.895(UTC-07:00),17.10576,6.53805,5.20424,13.29010,14.39631,7.98400
1692167194932,2023-08-15T23:26:34.932(UTC-07:00),17.10232,6.55126,5.22714,13.29349,14.42212,8.00498
1692167195000,2023-08-15T23:26:35.000(UTC-07:00),17.11033,6.53748,5.22274,13.29606,14.45316,8.02077
1692167195037,2023-08-15T23:26:35.037(UTC-07:00),17.09716,6.55893,5.22464,13.29761,14.50936,8.03697
1692167195074,2023-08-15T23:26:35.074(UTC-07:00),17.11766,6.58172,5.22384,13.29529,14.58569,8.04987
1692167195150,2023-08-15T23:26:35.150(UTC-07:00),17.11186,6.58992,5.25416,13.29427,14.63641,8.09708
1692167195187,2023-08-15T23:26:35.187(UTC-07:00),17.11167,6.60590,5.24651,13.29666,14.70988,8.11800
1692167195218,2023-08-15T23:26:35.218(UTC-07:00),17.11271,6.61818,5.25196,13.30089,14.77424,8.15679
1692167195292,2023-08-15T23:26:35.292(UTC-07:00),17.10072,6.64784,5.25072,13.28030,14.84965,8.16292
1692167195330,2023-08-15T23:26:35.330(UTC-07:00),17.10502,6.64925,5.28535,13.28839,14.90553,8.23643
1692167195360,2023-08-15T23:26:35.360(UTC-07:00),17.11574,6.66073,5.26949,13.30167,14.99214,8.26458
1692167195435,2023-08-15T23:26:35.435(UTC-07:00),17.10198,6.70646,5.27890,13.27554,15.09834,8.27236
1692167195479,2023-08-15T23:26:35.479(UTC-07:00),17.10791,6.66870,5.31077,13.27365,15.03433,8.33268
1692167195509,2023-08-15T23:26:35.509(UTC-07:00),17.09826,6.61401,5.26514,13.27192,14.71190,8.18623
1692167195577,2023-08-15T23:26:35.577(UTC-07:00),17.12442,6.57056,5.24496,13.29347,14.49676,8.04241
1692167195614,2023-08-15T23:26:35.614(UTC-07:00),17.10255,6.54579,5.21873,13.27878,14.39990,7.97974
1692167195652,2023-08-15T23:26:35.652(UTC-07:00),17.11100,6.54288,5.22877,13.29572,14.35969,7.96264
1692167195720,2023-08-15T23:26:35.720(UTC-07:00),17.10400,6.54755,5.20545,13.28115,14.35180,7.92328
1692167195757,2023-08-15T23:26:35.757(UTC-07:00),17.11236,6.55687,5.21447,13.27631,14.36345,7.94468
1692167195794,2023-08-15T23:26:35.794(UTC-07:00),17.13646,6.54771,5.25639,13.28085,14.33974,7.96984
1692167195870,2023-08-15T23:26:35.870(UTC-07:00),17.12500,6.58135,5.23084,13.26870,14.38809,7.95416
1692167195900,2023-08-15T23:26:35.900(UTC-07:00),17.14025,6.58142,5.24317,13.28368,14.43021,7.95868
1692167195937,2023-08-15T23:26:35.937(UTC-07:00),17.15071,6.55817,5.26110,13.29643,14.44775,7.98995
1692167196012,2023-08-15T23:26:36.012(UTC-07:00),17.12492,6.62919,5.23973,13.27394,14.57405,7.99538
1692167196049,2023-08-15T23:26:36.049(UTC-07:00),17.12656,6.62598,5.27100,13.27909,14.62986,8.06850
1692167196080,2023-08-15T23:26:36.080(UTC-07:00),17.13683,6.60218,5.26719,13.29346,14.62634,8.08390
1692167196154,2023-08-15T23:26:36.154(UTC-07:00),17.13488,6.63543,5.26315,13.27748,14.71452,8.07790
1692167196192,2023-08-15T23:26:36.192(UTC-07:00),17.13196,6.65683,5.27340,13.27387,14.79843,8.13247
1692167196229,2023-08-15T23:26:36.229(UTC-07:00),17.13059,6.67931,5.28298,13.27567,14.87119,8.16222
1692167196297,2023-08-15T23:26:36.297(UTC-07:00),17.13419,6.69990,5.30825,13.27365,14.97625,8.21133
1692167196334,2023-08-15T23:26:36.334(UTC-07:00),17.13302,6.73275,5.32848,13.26773,15.00182,8.26654
1692167196372,2023-08-15T23:26:36.372(UTC-07:00),17.15054,6.65188,5.31496,13.28871,14.69173,8.17637
1692167196440,2023-08-15T23:26:36.440(UTC-07:00),17.12881,6.60022,5.26009,13.27798,14.48508,8.02474
1692167196477,2023-08-15T23:26:36.477(UTC-07:00),17.14104,6.57495,5.24620,13.27317,14.39629,7.96326
1692167196514,2023-08-15T23:26:36.514(UTC-07:00),17.13290,6.60388,5.25946,13.26084,14.39215,7.97430
1692167196589,2023-08-15T23:26:36.589(UTC-07:00),17.13036,6.59721,5.27214,13.27948,14.38040,7.98314
1692167196620,2023-08-15T23:26:36.620(UTC-07:00),17.14045,6.59917,5.26490,13.27253,14.40903,7.99465
1692167196657,2023-08-15T23:26:36.657(UTC-07:00),17.12447,6.58170,5.25590,13.25924,14.36687,7.97419
1692167196732,2023-08-15T23:26:36.732(UTC-07:00),17.12764,6.60353,5.26628,13.25647,14.41723,7.97867
1692167196769,2023-08-15T23:26:36.769(UTC-07:00),17.13021,6.57590,5.28210,13.27535,14.46601,8.00671
1692167196800,2023-08-15T23:26:36.800(UTC-07:00),17.12566,6.60566,5.25501,13.27529,14.54043,8.02537
1692167196875,2023-08-15T23:26:36.875(UTC-07:00),17.12841,6.64632,5.27966,13.26482,14.64449,8.06979
1692167196913,2023-08-15T23:26:36.913(UTC-07:00),17.11140,6.64820,5.27680,13.25379,14.67436,8.09947
1692167196949,2023-08-15T23:26:36.949(UTC-07:00),17.12762,6.67088,5.30645,13.24162,14.66958,8.11749
1692167197017,2023-08-15T23:26:37.017(UTC-07:00),17.12818,6.66272,5.29679,13.25731,14.69267,8.11727
1692167197054,2023-08-15T23:26:37.054(UTC-07:00),17.12157,6.65276,5.28933,13.25539,14.71852,8.12161
1692167197092,2023-08-15T23:26:37.092(UTC-07:00),17.12410,6.63005,5.29483,13.25014,14.69351,8.12725
1692167197167,2023-08-15T23:26:37.167(UTC-07:00),17.11141,6.62973,5.30028,13.24007,14.54015,8.08947
1692167197198,2023-08-15T23:26:37.198(UTC-07:00),17.11760,6.57120,5.27795,13.25531,14.28273,7.97685
1692167197235,2023-08-15T23:26:37.235(UTC-07:00),17.11693,6.54790,5.27062,13.25107,14.19030,7.90642
1692167197309,2023-08-15T23:26:37.309(UTC-07:00),17.12543,6.54030,5.25892,13.25367,14.15825,7.90439
1692167197340,2023-08-15T23:26:37.340(UTC-07:00),17.12066,6.55045,5.26112,13.24685,14.15452,7.90446
1692167197377,2023-08-15T23:26:37.377(UTC-07:00),17.12601,6.56870,5.25647,13.24595,14.24916,7.91240
1692167197452,2023-08-15T23:26:37.452(UTC-07:00),17.13121,6.54197,5.24250,13.25856,14.21186,7.93353
1692167197489,2023-08-15T23:26:37.489(UTC-07:00),17.13174,6.56404,5.25255,13.25305,14.22801,7.91286
1692167197527,2023-08-15T23:26:37.527(UTC-07:00),17.11635,6.54681,5.25349,13.24597,14.23371,7.91850
1692167197595,2023-08-15T23:26:37.595(UTC-07:00),17.11540,6.58419,5.26552,13.24136,14.30892,7.95529
1692167197632,2023-08-15T23:26:37.632(UTC-07:00),17.09248,6.61112,5.26551,13.20849,14.38048,7.96981
1692167197669,2023-08-15T23:26:37.669(UTC-07:00),17.12761,6.62313,5.32716,13.23200,14.44510,8.05827
1692167197738,2023-08-15T23:26:37.738(UTC-07:00),17.12381,6.63757,5.31641,13.24043,14.48224,8.07542
1692167197775,2023-08-15T23:26:37.775(UTC-07:00),17.13181,6.64112,5.29181,13.24111,14.51596,8.07453
1692167197812,2023-08-15T23:26:37.812(UTC-07:00),17.13030,6.66172,5.32825,13.23036,14.60297,8.11693
1692167197880,2023-08-15T23:26:37.880(UTC-07:00),17.13448,6.66858,5.33557,13.23390,14.68505,8.17116
1692167197916,2023-08-15T23:26:37.916(UTC-07:00),17.11997,6.67401,5.31910,13.21599,14.61202,8.15170
1692167197954,2023-08-15T23:26:37.954(UTC-07:00),17.11589,6.60911,5.31227,13.22012,14.31265,8.04763
1692167198029,2023-08-15T23:26:38.029(UTC-07:00),17.10539,6.55353,5.29085,13.22817,14.12626,7.94084
1692167198060,2023-08-15T23:26:38.060(UTC-07:00),17.12097,6.52879,5.28223,13.23324,14.06352,7.91550
1692167198097,2023-08-15T23:26:38.097(UTC-07:00),17.11472,6.53742,5.28911,13.22552,14.02856,7.89919
1692167198172,2023-08-15T23:26:38.172(UTC-07:00),17.11766,6.52089,5.27043,13.23185,14.05674,7.89533
1692167198209,2023-08-15T23:26:38.209(UTC-07:00),17.11072,6.58069,5.28074,13.21479,14.13877,7.92867
1692167198240,2023-08-15T23:26:38.240(UTC-07:00),17.12471,6.57002,5.28534,13.21846,14.10704,7.91602
1692167198314,2023-08-15T23:26:38.314(UTC-07:00),17.12628,6.56139,5.27984,13.22273,14.10865,7.90517
1692167198352,2023-08-15T23:26:38.352(UTC-07:00),17.11437,6.56308,5.28408,13.21414,14.14312,7.93058
1692167198389,2023-08-15T23:26:38.389(UTC-07:00),17.13698,6.57800,5.30745,13.23579,14.21872,7.94623
1692167198457,2023-08-15T23:26:38.457(UTC-07:00),17.11719,6.61259,5.27645,13.21399,14.28424,7.94677
1692167198494,2023-08-15T23:26:38.494(UTC-07:00),17.12785,6.60860,5.31477,13.22276,14.32167,7.99848
1692167198532,2023-08-15T23:26:38.532(UTC-07:00),17.12818,6.60150,5.31098,13.21599,14.33758,8.01981
1692167198600,2023-08-15T23:26:38.600(UTC-07:00),17.10351,6.64676,5.32360,13.19983,14.41175,8.04770
1692167198637,2023-08-15T23:26:38.637(UTC-07:00),17.11484,6.65563,5.34668,13.20339,14.48279,8.10983
1692167198674,2023-08-15T23:26:38.674(UTC-07:00),17.13615,6.64695,5.35921,13.21940,14.52307,8.13147
1692167198750,2023-08-15T23:26:38.750(UTC-07:00),17.12801,6.66071,5.33311,13.21506,14.55032,8.12590
1692167198780,2023-08-15T23:26:38.780(UTC-07:00),17.13189,6.58054,5.31856,13.23092,14.20622,8.03619
1692167198817,2023-08-15T23:26:38.817(UTC-07:00),17.10589,6.56506,5.28578,13.20187,14.01390,7.88848
1692167198892,2023-08-15T23:26:38.892(UTC-07:00),17.12576,6.52285,5.29157,13.22330,13.88785,7.82829
1692167198929,2023-08-15T23:26:38.929(UTC-07:00),17.13116,6.50554,5.26950,13.23000,13.80544,7.79823
1692167198960,2023-08-15T23:26:38.960(UTC-07:00),17.11870,6.50802,5.25795,13.21834,13.79052,7.76761
1692167199035,2023-08-15T23:26:39.035(UTC-07:00),17.11549,6.52232,5.25185,13.20245,13.81889,7.76600
1692167199072,2023-08-15T23:26:39.072(UTC-07:00),17.12260,6.54917,5.27221,13.19798,13.81685,7.78181
1692167199109,2023-08-15T23:26:39.109(UTC-07:00),17.11156,6.53020,5.27366,13.19230,13.79770,7.76564
1692167199177,2023-08-15T23:26:39.177(UTC-07:00),17.12539,6.51097,5.28433,13.21498,13.82192,7.77874
1692167199215,2023-08-15T23:26:39.215(UTC-07:00),17.12768,6.50719,5.26675,13.21785,13.84562,7.78037
1692167199252,2023-08-15T23:26:39.252(UTC-07:00),17.12286,6.52128,5.27183,13.22248,13.88060,7.78963
1692167199327,2023-08-15T23:26:39.327(UTC-07:00),17.12889,6.53523,5.25630,13.22016,13.93624,7.79525
1692167199357,2023-08-15T23:26:39.357(UTC-07:00),17.13861,6.54720,5.27230,13.22695,14.01695,7.83527
1692167199394,2023-08-15T23:26:39.394(UTC-07:00),17.13220,6.60614,5.30039,13.19517,14.10724,7.86970
1692167199469,2023-08-15T23:26:39.469(UTC-07:00),17.11973,6.60497,5.30120,13.17650,14.15212,7.88823
1692167199500,2023-08-15T23:26:39.500(UTC-07:00),17.12337,6.61321,5.33670,13.19140,14.21960,7.95682
1692167199537,2023-08-15T23:26:39.537(UTC-07:00),17.10425,6.63305,5.33835,13.18444,14.29554,7.96559
1692167199612,2023-08-15T23:26:39.612(UTC-07:00),17.12801,6.63137,5.33957,13.20681,14.32789,8.00153
1692167199649,2023-08-15T23:26:39.649(UTC-07:00),17.13076,6.62701,5.34343,13.19267,14.23530,7.98122
1692167199680,2023-08-15T23:26:39.680(UTC-07:00),17.13311,6.54406,5.30938,13.20124,13.87349,7.85754
1692167199755,2023-08-15T23:26:39.755(UTC-07:00),17.13919,6.49042,5.26993,13.21834,13.68894,7.72897
1692167199793,2023-08-15T23:26:39.793(UTC-07:00),17.12122,6.49654,5.26437,13.19432,13.61389,7.68292
1692167199829,2023-08-15T23:26:39.829(UTC-07:00),17.14500,6.45896,5.26510,13.21591,13.53911,7.65918
1692167199897,2023-08-15T23:26:39.897(UTC-07:00),17.13255,6.48204,5.23982,13.19853,13.54531,7.61867
1692167199935,2023-08-15T23:26:39.935(UTC-07:00),17.14385,6.46608,5.25843,13.21333,13.54310,7.63846
1692167199972,2023-08-15T23:26:39.972(UTC-07:00),17.12784,6.48438,5.24078,13.20254,13.55349,7.62793
1692167200040,2023-08-15T23:26:40.040(UTC-07:00),17.13889,6.45418,5.25611,13.22288,13.53102,7.64458
1692167200077,2023-08-15T23:26:40.077(UTC-07:00),17.11909,6.47764,5.23020,13.19490,13.57017,7.61606
1692167200114,2023-08-15T23:26:40.114(UTC-07:00),17.13290,6.47664,5.28321,13.22477,13.63763,7.69355
1692167200190,2023-08-15T23:26:40.190(UTC-07:00),17.13816,6.49856,5.26134,13.21332,13.72016,7.70061
1692167200220,2023-08-15T23:26:40.220(UTC-07:00),17.11788,6.54534,5.26568,13.19373,13.82960,7.74445
1692167200257,2023-08-15T23:26:40.257(UTC-07:00),17.13647,6.52631,5.28698,13.21243,13.86316,7.79273
1692167200332,2023-08-15T23:26:40.332(UTC-07:00),17.13321,6.54710,5.26722,13.20606,13.95327,7.79729
1692167200369,2023-08-15T23:26:40.369(UTC-07:00),17.12665,6.58738,5.26909,13.18704,14.03452,7.81426
1692167200400,2023-08-15T23:26:40.400(UTC-07:00),17.14076,6.60240,5.30276,13.21540,14.18417,7.87583
1692167200475,2023-08-15T23:26:40.475(UTC-07:00),17.11802,6.63662,5.29981,13.20196,14.32096,7.96069
1692167200512,2023-08-15T23:26:40.512(UTC-07:00),17.12849,6.63608,5.34018,13.20284,14.37332,8.01644
1692167200550,2023-08-15T23:26:40.550(UTC-07:00),17.12527,6.63661,5.31312,13.20147,14.22306,7.97888
1692167200618,2023-08-15T23:26:40.618(UTC-07:00),17.12253,6.52827,5.30146,13.19155,13.80305,7.84390
1692167200655,2023-08-15T23:26:40.655(UTC-07:00),17.14847,6.46348,5.28615,13.21482,13.59073,7.71490
1692167200700,2023-08-15T23:26:40.700(UTC-07:00),17.11635,6.48753,5.24686,13.17968,13.56001,7.62944
1692167200767,2023-08-15T23:26:40.767(UTC-07:00),17.10735,6.49218,5.26030,13.16652,13.52381,7.62042
1692167200798,2023-08-15T23:26:40.798(UTC-07:00),17.13471,6.46205,5.29422,13.19693,13.51151,7.64237
1692167200835,2023-08-15T23:26:40.835(UTC-07:00),17.13946,6.47144,5.23582,13.19333,13.51730,7.61694
1692167200910,2023-08-15T23:26:40.910(UTC-07:00),17.12742,6.46125,5.25813,13.20164,13.49569,7.63607
1692167200941,2023-08-15T23:26:40.941(UTC-07:00),17.13732,6.47619,5.25912,13.20821,13.49862,7.61645
1692167200977,2023-08-15T23:26:40.977(UTC-07:00),17.14965,6.47946,5.25821,13.21214,13.54958,7.62923
1692167201052,2023-08-15T23:26:41.052(UTC-07:00),17.10523,6.52269,5.21520,13.15481,13.61564,7.60021
1692167201089,2023-08-15T23:26:41.089(UTC-07:00),17.12698,6.53763,5.31215,13.17009,13.68730,7.71701
1692167201120,2023-08-15T23:26:41.120(UTC-07:00),17.14028,6.51994,5.29585,13.19194,13.71992,7.72258
1692167201194,2023-08-15T23:26:41.194(UTC-07:00),17.12829,6.54596,5.27029,13.18350,13.82735,7.73361
1692167201232,2023-08-15T23:26:41.232(UTC-07:00),17.12515,6.55485,5.30290,13.18811,13.87456,7.79078
1692167201270,2023-08-15T23:26:41.270(UTC-07:00),17.13969,6.54841,5.30273,13.18901,13.90100,7.80340
1692167201337,2023-08-15T23:26:41.337(UTC-07:00),17.14586,6.55746,5.30964,13.20465,13.94311,7.82493
1692167201374,2023-08-15T23:26:41.374(UTC-07:00),17.14080,6.59072,5.30426,13.19509,14.03714,7.83850
1692167201412,2023-08-15T23:26:41.412(UTC-07:00),17.14730,6.59018,5.33877,13.20917,14.08037,7.91144
1692167201480,2023-08-15T23:26:41.480(UTC-07:00),17.13443,6.54249,5.28210,13.19058,13.81579,7.80940
1692167201517,2023-08-15T23:26:41.517(UTC-07:00),17.12695,6.49749,5.27110,13.18914,13.58909,7.68012
1692167201554,2023-08-15T23:26:41.554(UTC-07:00),17.13169,6.47502,5.27404,13.18783,13.51461,7.62801
1692167201629,2023-08-15T23:26:41.629(UTC-07:00),17.11792,6.48139,5.25608,13.17364,13.46616,7.59828
1692167201661,2023-08-15T23:26:41.661(UTC-07:00),17.13216,6.45042,5.27670,13.19463,13.43147,7.58736
1692167201697,2023-08-15T23:26:41.697(UTC-07:00),17.10745,6.48000,5.24710,13.16581,13.48139,7.57868
1692167201772,2023-08-15T23:26:41.772(UTC-07:00),17.12839,6.48022,5.27109,13.17570,13.47801,7.60703
1692167201809,2023-08-15T23:26:41.809(UTC-07:00),17.14195,6.46744,5.28475,13.18208,13.46426,7.62280
1692167201840,2023-08-15T23:26:41.840(UTC-07:00),17.11520,6.50261,5.26518,13.16317,13.51344,7.59509
1692167201914,2023-08-15T23:26:41.914(UTC-07:00),17.10753,6.51285,5.28481,13.14976,13.59455,7.64992
1692167201960,2023-08-15T23:26:41.960(UTC-07:00),17.12174,6.52194,5.31763,13.16826,13.65499,7.69561
1692167201990,2023-08-15T23:26:41.990(UTC-07:00),17.13519,6.53207,5.31228,13.18411,13.73328,7.72320
1692167202058,2023-08-15T23:26:42.058(UTC-07:00),17.13336,6.54333,5.31273,13.18186,13.78742,7.74628
1692167202095,2023-08-15T23:26:42.095(UTC-07:00),17.13756,6.54558,5.31258,13.18409,13.82238,7.77000
1692167202133,2023-08-15T23:26:42.133(UTC-07:00),17.13221,6.54808,5.31271,13.17413,13.89621,7.78941
1692167202200,2023-08-15T23:26:42.200(UTC-07:00),17.11485,6.59175,5.32890,13.16103,14.00176,7.84661
1692167202237,2023-08-15T23:26:42.237(UTC-07:00),17.13707,6.58477,5.34393,13.18355,14.03476,7.87932
1692167202275,2023-08-15T23:26:42.275(UTC-07:00),17.11483,6.61208,5.33214,13.16119,14.12437,7.88368
1692167202350,2023-08-15T23:26:42.350(UTC-07:00),17.13467,6.60615,5.34964,13.15718,13.96459,7.88091
1692167202387,2023-08-15T23:26:42.387(UTC-07:00),17.14262,6.51917,5.32666,13.18395,13.66823,7.76586
1692167202418,2023-08-15T23:26:42.418(UTC-07:00),17.14563,6.52202,5.28674,13.18405,13.62715,7.66298
1692167202492,2023-08-15T23:26:42.492(UTC-07:00),17.15622,6.47830,5.27247,13.18883,13.53040,7.64903
1692167202530,2023-08-15T23:26:42.530(UTC-07:00),17.12734,6.52541,5.29674,13.17197,13.58019,7.65771
1692167202560,2023-08-15T23:26:42.560(UTC-07:00),17.12499,6.53094,5.29381,13.16613,13.61776,7.66665
1692167202635,2023-08-15T23:26:42.635(UTC-07:00),17.12055,6.55124,5.30424,13.15309,13.63515,7.68936
1692167202672,2023-08-15T23:26:42.672(UTC-07:00),17.13378,6.50566,5.31106,13.16070,13.57293,7.69137
1692167202710,2023-08-15T23:26:42.710(UTC-07:00),17.13430,6.51121,5.30911,13.16194,13.62969,7.67463
1692167202778,2023-08-15T23:26:42.778(UTC-07:00),17.14015,6.53645,5.30333,13.17426,13.72220,7.70849
1692167202814,2023-08-15T23:26:42.814(UTC-07:00),17.12174,6.56791,5.28921,13.16468,13.82207,7.71887
1692167202853,2023-08-15T23:26:42.853(UTC-07:00),17.13006,6.56394,5.31355,13.18456,13.90172,7.79762
1692167202920,2023-08-15T23:26:42.920(UTC-07:00),17.13208,6.56543,5.28509,13.18276,13.95390,7.79392
1692167202957,2023-08-15T23:26:42.957(UTC-07:00),17.13575,6.59207,5.33428,13.18000,14.03442,7.85130
1692167202995,2023-08-15T23:26:42.995(UTC-07:00),17.13643,6.61404,5.33157,13.17596,14.10536,7.89445
1692167203070,2023-08-15T23:26:43.070(UTC-07:00),17.14055,6.63577,5.34929,13.18098,14.18743,7.92744
1692167203100,2023-08-15T23:26:43.100(UTC-07:00),17.13670,6.62941,5.35158,13.17767,14.19338,7.94574
1692167203137,2023-08-15T23:26:43.137(UTC-07:00),17.12100,6.61517,5.32867,13.14849,14.04329,7.89426
1692167203212,2023-08-15T23:26:43.212(UTC-07:00),17.12646,6.52298,5.31994,13.16438,13.74564,7.78186
1692167203250,2023-08-15T23:26:43.250(UTC-07:00),17.11377,6.54663,5.31554,13.15181,13.68572,7.71896
1692167203287,2023-08-15T23:26:43.287(UTC-07:00),17.12264,6.52144,5.31251,13.17001,13.62576,7.70626
1692167203355,2023-08-15T23:26:43.355(UTC-07:00),17.11397,6.52847,5.28577,13.14657,13.62002,7.65757
1692167203392,2023-08-15T23:26:43.392(UTC-07:00),17.11605,6.55268,5.31839,13.14495,13.69634,7.69397
1692167203429,2023-08-15T23:26:43.429(UTC-07:00),17.11723,6.55218,5.31752,13.12894,13.67663,7.69832
1692167203497,2023-08-15T23:26:43.497(UTC-07:00),17.08752,6.54930,5.30271,13.11922,13.64671,7.66160
1692167203535,2023-08-15T23:26:43.535(UTC-07:00),17.11916,6.56521,5.33843,13.13411,13.69111,7.72270
1692167203572,2023-08-15T23:26:43.572(UTC-07:00),17.12973,6.56665,5.33800,13.14967,13.77269,7.72011
1692167203640,2023-08-15T23:26:43.640(UTC-07:00),17.13904,6.57047,5.33025,13.16034,13.84738,7.75008
1692167203677,2023-08-15T23:26:43.677(UTC-07:00),17.12647,6.56095,5.31615,13.17012,13.88110,7.76801
1692167203715,2023-08-15T23:26:43.715(UTC-07:00),17.12326,6.59517,5.32363,13.16228,13.91522,7.80342
1692167203789,2023-08-15T23:26:43.789(UTC-07:00),17.11555,6.60935,5.32878,13.14983,13.97589,7.79928
1692167203820,2023-08-15T23:26:43.820(UTC-07:00),17.13748,6.62723,5.35916,13.15656,13.98942,7.85864
1692167203857,2023-08-15T23:26:43.857(UTC-07:00),17.14320,6.63937,5.34095,13.14936,14.06521,7.84297
1692167203932,2023-08-15T23:26:43.932(UTC-07:00),17.14244,6.62788,5.37441,13.15598,14.12501,7.90020
1692167203970,2023-08-15T23:26:43.970(UTC-07:00),17.12236,6.61996,5.34311,13.14385,14.00413,7.88464
1692167204000,2023-08-15T23:26:44.000(UTC-07:00),17.14523,6.53610,5.35686,13.17453,13.69241,7.78827
1692167204074,2023-08-15T23:26:44.074(UTC-07:00),17.13556,6.51536,5.28819,13.16252,13.58147,7.66773
1692167204112,2023-08-15T23:26:44.112(UTC-07:00),17.14704,6.48296,5.30035,13.17846,13.52480,7.65194
1692167204149,2023-08-15T23:26:44.149(UTC-07:00),17.13218,6.52328,5.27543,13.16173,13.53716,7.62278
1692167204217,2023-08-15T23:26:44.217(UTC-07:00),17.11996,6.51580,5.30612,13.15095,13.55680,7.64960
1692167204254,2023-08-15T23:26:44.254(UTC-07:00),17.11395,6.55348,5.30057,13.12793,13.57527,7.65007
1692167204293,2023-08-15T23:26:44.293(UTC-07:00),17.12726,6.52071,5.33027,13.13704,13.54110,7.65375
1692167204360,2023-08-15T23:26:44.360(UTC-07:00),17.12143,6.55845,5.32069,13.13816,13.60217,7.64616
1692167204397,2023-08-15T23:26:44.397(UTC-07:00),17.12541,6.54311,5.31332,13.12858,13.60623,7.64193
1692167204434,2023-08-15T23:26:44.434(UTC-07:00),17.13763,6.54524,5.32894,13.13964,13.63395,7.68061
1692167204510,2023-08-15T23:26:44.510(UTC-07:00),17.12520,6.54959,5.33053,13.14064,13.67331,7.69147
1692167204547,2023-08-15T23:26:44.547(UTC-07:00),17.11220,6.57174,5.31877,13.12811,13.73435,7.70812
1692167204577,2023-08-15T23:26:44.577(UTC-07:00),17.13399,6.57885,5.35523,13.14328,13.77592,7.77882
1692167204652,2023-08-15T23:26:44.652(UTC-07:00),17.14270,6.55737,5.34680,13.16022,13.79638,7.76142
1692167204690,2023-08-15T23:26:44.690(UTC-07:00),17.11914,6.60278,5.33348,13.12651,13.87271,7.77104
1692167204720,2023-08-15T23:26:44.720(UTC-07:00),17.12096,6.61276,5.35667,13.12701,13.94878,7.81314
1692167204794,2023-08-15T23:26:44.794(UTC-07:00),17.14217,6.61249,5.36468,13.16837,13.99823,7.84628
1692167204832,2023-08-15T23:26:44.832(UTC-07:00),17.12731,6.62645,5.33550,13.14028,14.01873,7.83212
1692167204869,2023-08-15T23:26:44.869(UTC-07:00),17.11803,6.59119,5.34305,13.12968,13.85209,7.81212
1692167204937,2023-08-15T23:26:44.937(UTC-07:00),17.12883,6.54178,5.35965,13.14423,13.56681,7.73757
1692167204974,2023-08-15T23:26:44.974(UTC-07:00),17.11906,6.51002,5.32112,13.13383,13.44725,7.63145
1692167205012,2023-08-15T23:26:45.012(UTC-07:00),17.11681,6.53464,5.31228,13.11767,13.38882,7.59997
1692167205080,2023-08-15T23:26:45.080(UTC-07:00),17.11659,6.51575,5.31215,13.10024,13.34482,7.55263
1692167205117,2023-08-15T23:26:45.117(UTC-07:00),17.11553,6.52627,5.32998,13.10317,13.36740,7.55491
1692167205154,2023-08-15T23:26:45.154(UTC-07:00),17.11172,6.52729,5.32255,13.10044,13.34386,7.56120
1692167205230,2023-08-15T23:26:45.230(UTC-07:00),17.11891,6.48446,5.31637,13.11183,13.27370,7.53202
1692167205260,2023-08-15T23:26:45.260(UTC-07:00),17.10350,6.52763,5.33020,13.10179,13.33915,7.57069
1692167205297,2023-08-15T23:26:45.297(UTC-07:00),17.11669,6.49953,5.33001,13.12256,13.34222,7.57456
1692167205373,2023-08-15T23:26:45.373(UTC-07:00),17.11872,6.51223,5.30405,13.11835,13.39134,7.55828
1692167205411,2023-08-15T23:26:45.411(UTC-07:00),17.12732,6.53598,5.33203,13.13142,13.45995,7.62900
1692167205447,2023-08-15T23:26:45.447(UTC-07:00),17.14386,6.51700,5.32777,13.13281,13.51468,7.64201
1692167205515,2023-08-15T23:26:45.515(UTC-07:00),17.10749,6.58018,5.34989,13.10362,13.60976,7.67461
1692167205552,2023-08-15T23:26:45.552(UTC-07:00),17.13707,6.58684,5.38513,13.12189,13.70367,7.74572
1692167205590,2023-08-15T23:26:45.590(UTC-07:00),17.14708,6.57472,5.37645,13.15132,13.73965,7.77639
1692167205657,2023-08-15T23:26:45.657(UTC-07:00),17.12468,6.61062,5.31893,13.11082,13.77088,7.72453
1692167205694,2023-08-15T23:26:45.694(UTC-07:00),17.11653,6.57797,5.35666,13.11743,13.72977,7.76094
1692167205732,2023-08-15T23:26:45.732(UTC-07:00),17.11791,6.59879,5.37658,13.12352,13.76076,7.78981
1692167205807,2023-08-15T23:26:45.807(UTC-07:00),17.10995,6.59761,5.36477,13.11092,13.82239,7.81282
1692167205838,2023-08-15T23:26:45.838(UTC-07:00),17.13770,6.54714,5.39918,13.15033,13.69151,7.83660
1692167205875,2023-08-15T23:26:45.875(UTC-07:00),17.11666,6.53172,5.31943,13.12395,13.45433,7.67310
1692167205949,2023-08-15T23:26:45.949(UTC-07:00),17.11379,6.51964,5.31331,13.10581,13.30580,7.56650
1692167205980,2023-08-15T23:26:45.980(UTC-07:00),17.15055,6.47262,5.33397,13.15217,13.22325,7.56947
1692167206017,2023-08-15T23:26:46.017(UTC-07:00),17.11808,6.47173,5.28653,13.13362,13.16612,7.48744
1692167206092,2023-08-15T23:26:46.092(UTC-07:00),17.13532,6.46599,5.27236,13.13657,13.15430,7.46106
1692167206130,2023-08-15T23:26:46.130(UTC-07:00),17.12854,6.44926,5.28110,13.14150,13.13587,7.48620
1692167206160,2023-08-15T23:26:46.160(UTC-07:00),17.11777,6.45529,5.29264,13.12382,13.12906,7.49137
1692167206234,2023-08-15T23:26:46.234(UTC-07:00),17.12205,6.46314,5.29722,13.11206,13.13954,7.48848
1692167206272,2023-08-15T23:26:46.272(UTC-07:00),17.12538,6.47478,5.31986,13.11969,13.18577,7.50825
1692167206310,2023-08-15T23:26:46.310(UTC-07:00),17.13350,6.46912,5.31727,13.13369,13.23059,7.51308
1692167206377,2023-08-15T23:26:46.377(UTC-07:00),17.13886,6.52599,5.31627,13.12250,13.33337,7.54025
1692167206414,2023-08-15T23:26:46.414(UTC-07:00),17.11523,6.50032,5.32949,13.11766,13.34667,7.58424
1692167206452,2023-08-15T23:26:46.452(UTC-07:00),17.12895,6.51828,5.33034,13.12971,13.40601,7.59205
1692167206520,2023-08-15T23:26:46.520(UTC-07:00),17.13321,6.53458,5.32977,13.12159,13.46379,7.61233
1692167206557,2023-08-15T23:26:46.557(UTC-07:00),17.12880,6.54654,5.32343,13.12081,13.50615,7.64494
1692167206594,2023-08-15T23:26:46.594(UTC-07:00),17.11878,6.58391,5.34892,13.10318,13.61370,7.68353
1692167206669,2023-08-15T23:26:46.669(UTC-07:00),17.13669,6.56840,5.35737,13.12363,13.65605,7.72743
1692167206700,2023-08-15T23:26:46.700(UTC-07:00),17.13256,6.60220,5.36819,13.12321,13.73929,7.74624
1692167206737,2023-08-15T23:26:46.737(UTC-07:00),17.11921,6.62062,5.35847,13.10032,13.72390,7.76464
1692167206812,2023-08-15T23:26:46.812(UTC-07:00),17.13744,6.52251,5.36614,13.12037,13.43324,7.68888
1692167206849,2023-08-15T23:26:46.849(UTC-07:00),17.12762,6.50514,5.32795,13.11369,13.27722,7.56463
1692167206880,2023-08-15T23:26:46.880(UTC-07:00),17.13139,6.44828,5.34526,13.14779,13.18937,7.56620
1692167206954,2023-08-15T23:26:46.954(UTC-07:00),17.15825,6.47218,5.29891,13.14896,13.18637,7.51696
1692167206992,2023-08-15T23:26:46.992(UTC-07:00),17.13833,6.48823,5.29655,13.13048,13.20393,7.51027
1692167207029,2023-08-15T23:26:47.029(UTC-07:00),17.14466,6.49693,5.31919,13.13761,13.23340,7.54293
1692167207098,2023-08-15T23:26:47.098(UTC-07:00),17.14399,6.47303,5.31744,13.13810,13.20978,7.54649
1692167207134,2023-08-15T23:26:47.134(UTC-07:00),17.12339,6.47937,5.32577,13.12315,13.21546,7.52884
1692167207172,2023-08-15T23:26:47.172(UTC-07:00),17.14482,6.48993,5.31514,13.13955,13.25450,7.51696
1692167207240,2023-08-15T23:26:47.240(UTC-07:00),17.12129,6.51728,5.29414,13.11368,13.30221,7.51919
1692167207277,2023-08-15T23:26:47.277(UTC-07:00),17.13496,6.47648,5.31819,13.14829,13.29697,7.57870
1692167207314,2023-08-15T23:26:47.314(UTC-07:00),17.13722,6.52569,5.30560,13.12354,13.37027,7.57039
1692167207389,2023-08-15T23:26:47.389(UTC-07:00),17.18438,6.53162,5.35230,13.16740,13.40485,7.62742
1692167207421,2023-08-15T23:26:47.421(UTC-07:00),17.13296,6.56321,5.31378,13.11095,13.49229,7.60674
1692167207457,2023-08-15T23:26:47.457(UTC-07:00),17.16304,6.56494,5.38000,13.15864,13.54124,7.69848
1692167207532,2023-08-15T23:26:47.532(UTC-07:00),17.15481,6.55204,5.34235,13.15804,13.60805,7.70120
1692167207569,2023-08-15T23:26:47.569(UTC-07:00),17.15622,6.58078,5.36392,13.14942,13.68399,7.73282
1692167207600,2023-08-15T23:26:47.600(UTC-07:00),17.15267,6.60652,5.36076,13.14584,13.74815,7.76985
1692167207674,2023-08-15T23:26:47.674(UTC-07:00),17.16107,6.52205,5.35957,13.14984,13.47543,7.72645
1692167207712,2023-08-15T23:26:47.712(UTC-07:00),17.15152,6.49693,5.31389,13.14133,13.25039,7.56900
1692167207749,2023-08-15T23:26:47.749(UTC-07:00),17.13930,6.48731,5.29911,13.12573,13.17331,7.51612
1692167207817,2023-08-15T23:26:47.817(UTC-07:00),17.13774,6.48472,5.31717,13.11615,13.14701,7.52106
1692167207854,2023-08-15T23:26:47.854(UTC-07:00),17.13562,6.45561,5.33626,13.12674,13.09335,7.52926
1692167207892,2023-08-15T23:26:47.892(UTC-07:00),17.14478,6.47682,5.29109,13.12442,13.15267,7.48026
1692167207960,2023-08-15T23:26:47.960(UTC-07:00),17.14663,6.47223,5.32164,13.13401,13.13375,7.50579
1692167207997,2023-08-15T23:26:47.997(UTC-07:00),17.12745,6.48323,5.30371,13.10491,13.13340,7.47272
1692167208034,2023-08-15T23:26:48.034(UTC-07:00),17.15951,6.49251,5.32997,13.12706,13.14942,7.50190
1692167208109,2023-08-15T23:26:48.109(UTC-07:00),17.14346,6.49381,5.30943,13.12513,13.17401,7.49564
1692167208147,2023-08-15T23:26:48.147(UTC-07:00),17.15082,6.49683,5.33549,13.13801,13.24154,7.54961
1692167208178,2023-08-15T23:26:48.178(UTC-07:00),17.15000,6.50924,5.32990,13.13431,13.32708,7.57950
1692167208252,2023-08-15T23:26:48.252(UTC-07:00),17.14015,6.51969,5.34483,13.13739,13.37801,7.63736
1692167208289,2023-08-15T23:26:48.289(UTC-07:00),17.13295,6.54492,5.32807,13.12262,13.43294,7.61846
1692167208320,2023-08-15T23:26:48.320(UTC-07:00),17.14143,6.54845,5.34044,13.11989,13.50301,7.65674
1692167208394,2023-08-15T23:26:48.394(UTC-07:00),17.13234,6.58108,5.35442,13.11716,13.58884,7.69594
1692167208432,2023-08-15T23:26:48.432(UTC-07:00),17.15372,6.55573,5.37121,13.14378,13.60828,7.73314
1692167208469,2023-08-15T23:26:48.469(UTC-07:00),17.14374,6.53801,5.31243,13.13068,13.43458,7.65873
1692167208537,2023-08-15T23:26:48.537(UTC-07:00),17.13477,6.47266,5.31360,13.12943,13.16135,7.57285
1692167208574,2023-08-15T23:26:48.574(UTC-07:00),17.15458,6.45225,5.30860,13.13610,13.04640,7.46937
1692167208612,2023-08-15T23:26:48.612(UTC-07:00),17.14742,6.43645,5.30526,13.13520,13.02601,7.46644
1692167208680,2023-08-15T23:26:48.680(UTC-07:00),17.15096,6.46228,5.31477,13.13474,13.06242,7.47405
1692167208717,2023-08-15T23:26:48.717(UTC-07:00),17.13562,6.45872,5.33488,13.12868,13.16027,7.52173
1692167208754,2023-08-15T23:26:48.754(UTC-07:00),17.14875,6.47375,5.32126,13.13381,13.13742,7.52062
1692167208829,2023-08-15T23:26:48.829(UTC-07:00),17.12532,6.49691,5.31966,13.09691,13.16680,7.51575
1692167208860,2023-08-15T23:26:48.860(UTC-07:00),17.15842,6.48347,5.35705,13.14625,13.13985,7.52872
1692167208897,2023-08-15T23:26:48.897(UTC-07:00),17.14173,6.49559,5.31210,13.12232,13.19090,7.52029
1692167208972,2023-08-15T23:26:48.972(UTC-07:00),17.16963,6.48505,5.33449,13.15405,13.21831,7.55460
1692167209009,2023-08-15T23:26:49.009(UTC-07:00),17.16056,6.51592,5.32116,13.13062,13.28620,7.56861
1692167209040,2023-08-15T23:26:49.040(UTC-07:00),17.16282,6.50633,5.33913,13.13840,13.30412,7.58071
1692167209114,2023-08-15T23:26:49.114(UTC-07:00),17.13372,6.55477,5.31991,13.10118,13.38647,7.58055
1692167209151,2023-08-15T23:26:49.151(UTC-07:00),17.13233,6.56728,5.37594,13.09526,13.43625,7.65261
1692167209189,2023-08-15T23:26:49.189(UTC-07:00),17.13754,6.54175,5.36791,13.11229,13.44053,7.65651
1692167209257,2023-08-15T23:26:49.257(UTC-07:00),17.14203,6.51986,5.35636,13.11247,13.31749,7.62601
1692167209294,2023-08-15T23:26:49.294(UTC-07:00),17.12521,6.48086,5.32226,13.10509,13.09012,7.51845
1692167209332,2023-08-15T23:26:49.332(UTC-07:00),17.12828,6.46190,5.32948,13.11218,12.99038,7.47602
1692167209400,2023-08-15T23:26:49.400(UTC-07:00),17.14790,6.42169,5.31349,13.12930,12.92254,7.44244
1692167209438,2023-08-15T23:26:49.438(UTC-07:00),17.15055,6.41902,5.31413,13.13624,12.89352,7.43559
1692167209475,2023-08-15T23:26:49.475(UTC-07:00),17.13566,6.45441,5.28251,13.10836,12.97559,7.40105
1692167209551,2023-08-15T23:26:49.551(UTC-07:00),17.13213,6.46651,5.32777,13.09637,12.96399,7.45214
1692167209580,2023-08-15T23:26:49.580(UTC-07:00),17.15242,6.44683,5.33546,13.12304,12.91771,7.44375
1692167209616,2023-08-15T23:26:49.616(UTC-07:00),17.12508,6.44946,5.29424,13.10454,12.94659,7.40694
1692167209692,2023-08-15T23:26:49.692(UTC-07:00),17.16047,6.43714,5.31796,13.13244,12.94891,7.41931
1692167209730,2023-08-15T23:26:49.730(UTC-07:00),17.15757,6.43653,5.29835,13.15330,12.97435,7.43743
1692167209760,2023-08-15T23:26:49.760(UTC-07:00),17.13022,6.46287,5.30228,13.11355,13.05218,7.45577
1692167209835,2023-08-15T23:26:49.835(UTC-07:00),17.15128,6.47008,5.31018,13.12824,13.07846,7.49141
1692167209872,2023-08-15T23:26:49.872(UTC-07:00),17.14011,6.48444,5.32457,13.10964,13.12335,7.51166
1692167209909,2023-08-15T23:26:49.909(UTC-07:00),17.14370,6.48038,5.33081,13.11867,13.20446,7.52987
1692167209977,2023-08-15T23:26:49.977(UTC-07:00),17.18341,6.50561,5.34189,13.14520,13.28927,7.58301
1692167210014,2023-08-15T23:26:50.014(UTC-07:00),17.16870,6.54106,5.34133,13.13699,13.37560,7.62774
1692167210052,2023-08-15T23:26:50.052(UTC-07:00),17.17982,6.48407,5.34748,13.15369,13.18634,7.61311
1692167210120,2023-08-15T23:26:50.120(UTC-07:00),17.16872,6.42894,5.31557,13.13946,12.94591,7.47942
1692167210158,2023-08-15T23:26:50.158(UTC-07:00),17.17808,6.44497,5.30023,13.13647,12.90234,7.41712
1692167210195,2023-08-15T23:26:50.195(UTC-07:00),17.15721,6.43457,5.30931,13.12384,12.83968,7.41083
1692167210269,2023-08-15T23:26:50.269(UTC-07:00),17.16788,6.40647,5.31107,13.13521,12.75910,7.39013
1692167210300,2023-08-15T23:26:50.300(UTC-07:00),17.15986,6.40912,5.28044,13.13030,12.81194,7.36307
1692167210337,2023-08-15T23:26:50.337(UTC-07:00),17.15504,6.42599,5.30047,13.11808,12.79282,7.36878
1692167210412,2023-08-15T23:26:50.412(UTC-07:00),17.15683,6.40993,5.31138,13.13362,12.77170,7.36252
1692167210450,2023-08-15T23:26:50.450(UTC-07:00),17.16168,6.42141,5.29800,13.12774,12.79744,7.35365
1692167210480,2023-08-15T23:26:50.480(UTC-07:00),17.18008,6.40175,5.31962,13.16326,12.78184,7.38938
1692167210554,2023-08-15T23:26:50.554(UTC-07:00),17.17770,6.40664,5.29469,13.14208,12.80932,7.37119
1692167210592,2023-08-15T23:26:50.592(UTC-07:00),17.15674,6.44459,5.31350,13.11585,12.86333,7.40501
1692167210630,2023-08-15T23:26:50.630(UTC-07:00),17.17165,6.42893,5.33229,13.14119,12.89894,7.44704
1692167210698,2023-08-15T23:26:50.698(UTC-07:00),17.16007,6.45645,5.31151,13.12058,12.96890,7.45739
1692167210734,2023-08-15T23:26:50.734(UTC-07:00),17.15943,6.49270,5.32115,13.11793,13.05443,7.49083
1692167210772,2023-08-15T23:26:50.772(UTC-07:00),17.15033,6.50708,5.35334,13.11585,13.12147,7.53288
1692167210840,2023-08-15T23:26:50.840(UTC-07:00),17.16717,6.47766,5.34249,13.13702,13.13725,7.54547
1692167210877,2023-08-15T23:26:50.877(UTC-07:00),17.16799,6.47980,5.33407,13.14585,13.19510,7.57713
1692167210915,2023-08-15T23:26:50.915(UTC-07:00),17.16075,6.50758,5.32839,13.14173,13.27404,7.59076
1692167210990,2023-08-15T23:26:50.990(UTC-07:00),17.17103,6.47817,5.33971,13.14098,13.12035,7.60152
1692167211020,2023-08-15T23:26:51.020(UTC-07:00),17.19007,6.39899,5.32090,13.16948,12.84138,7.47292
1692167211057,2023-08-15T23:26:51.057(UTC-07:00),17.16531,6.41535,5.27333,13.12736,12.79166,7.38633
1692167211132,2023-08-15T23:26:51.132(UTC-07:00),17.15846,6.40472,5.31237,13.14017,12.70898,7.38795
1692167211169,2023-08-15T23:26:51.169(UTC-07:00),17.16873,6.38417,5.29201,13.14987,12.64434,7.35419
1692167211200,2023-08-15T23:26:51.200(UTC-07:00),17.17831,6.37013,5.28038,13.14987,12.66675,7.31775
1692167211274,2023-08-15T23:26:51.274(UTC-07:00),17.16246,6.38226,5.28062,13.13215,12.66820,7.32661
1692167211312,2023-08-15T23:26:51.312(UTC-07:00),17.14257,6.38490,5.28664,13.12351,12.65612,7.33192
1692167211349,2023-08-15T23:26:51.349(UTC-07:00),17.14930,6.37995,5.31412,13.12910,12.68010,7.35739
1692167211417,2023-08-15T23:26:51.417(UTC-07:00),17.15939,6.39291,5.30410,13.13026,12.69751,7.35875
1692167211454,2023-08-15T23:26:51.454(UTC-07:00),17.18324,6.37335,5.31158,13.14588,12.73815,7.38109
1692167211492,2023-08-15T23:26:51.492(UTC-07:00),17.14291,6.42539,5.29034,13.10725,12.82383,7.39076
1692167211560,2023-08-15T23:26:51.560(UTC-07:00),17.16121,6.45287,5.33867,13.11148,12.91528,7.45325
1692167211597,2023-08-15T23:26:51.597(UTC-07:00),17.12242,6.45847,5.32299,13.09305,12.95838,7.46115
1692167211634,2023-08-15T23:26:51.634(UTC-07:00),17.15670,6.46594,5.35147,13.11826,13.03028,7.52423
1692167211710,2023-08-15T23:26:51.710(UTC-07:00),17.13628,6.48235,5.33561,13.10708,13.05298,7.51723
1692167211740,2023-08-15T23:26:51.740(UTC-07:00),17.13830,6.48934,5.34207,13.10924,13.09818,7.55323
