timestamp,localized,heg,red,infrared
1691724027528,2023-08-10T20:20:27.528(UTC-07:00),0.869,9446754,10854641
1691724027564,2023-08-10T20:20:27.564(UTC-07:00),0.869,9436248,10831603
1691724027640,2023-08-10T20:20:27.640(UTC-07:00),0.870,9432843,10831638
1691724027670,2023-08-10T20:20:27.670(UTC-07:00),0.870,9440396,10834433
1691724027715,2023-08-10T20:20:27.715(UTC-07:00),0.870,9407599,10826262
1691724027782,2023-08-10T20:20:27.782(UTC-07:00),0.870,9421549,10822177
1691724027819,2023-08-10T20:20:27.819(UTC-07:00),0.870,9414236,10829399
1691724027857,2023-08-10T20:20:27.857(UTC-07:00),0.870,9403302,10825390
1691724027932,2023-08-10T20:20:27.932(UTC-07:00),0.870,9401290,10819860
1691724027977,2023-08-10T20:20:27.977(UTC-07:00),0.870,9410839,10821732
1691724028015,2023-08-10T20:20:28.015(UTC-07:00),0.870,9400312,10823302
1691724028089,2023-08-10T20:20:28.089(UTC-07:00),0.870,9406904,10826727
1691724028120,2023-08-10T20:20:28.120(UTC-07:00),0.870,9396534,10819940
1691724028157,2023-08-10T20:20:28.157(UTC-07:00),0.869,9392020,10813067
1691724028232,2023-08-10T20:20:28.232(UTC-07:00),0.869,9389100,10828669
1691724028263,2023-08-10T20:20:28.263(UTC-07:00),0.869,9440981,10859419
1691724028299,2023-08-10T20:20:28.299(UTC-07:00),0.870,9458013,10869823
1691724028375,2023-08-10T20:20:28.375(UTC-07:00),0.870,9469921,10877378
1691724028412,2023-08-10T20:20:28.412(UTC-07:00),0.870,9477791,10874477
1691724028443,2023-08-10T20:20:28.443(UTC-07:00),0.870,9467688,10868198
1691724028518,2023-08-10T20:20:28.518(UTC-07:00),0.870,9447199,10851329
1691724028554,2023-08-10T20:20:28.554(UTC-07:00),0.870,9454701,10858819
1691724028585,2023-08-10T20:20:28.585(UTC-07:00),0.870,9440747,10847298
1691724028653,2023-08-10T20:20:28.653(UTC-07:00),0.870,9429527,10834171
1691724028690,2023-08-10T20:20:28.690(UTC-07:00),0.870,9412561,10815674
1691724028727,2023-08-10T20:20:28.727(UTC-07:00),0.870,9435909,10836280
1691724028794,2023-08-10T20:20:28.794(UTC-07:00),0.870,9380956,10809379
1691724028833,2023-08-10T20:20:28.833(UTC-07:00),0.870,9381781,10797477
1691724028892,2023-08-10T20:20:28.892(UTC-07:00),0.870,9385505,10800408
1691724028997,2023-08-10T20:20:28.997(UTC-07:00),0.870,9380398,10801199
1691724029034,2023-08-10T20:20:29.034(UTC-07:00),0.870,9375920,10795685
1691724029072,2023-08-10T20:20:29.072(UTC-07:00),0.869,9393767,10813001
1691724029169,2023-08-10T20:20:29.169(UTC-07:00),0.869,9350070,10792410
1691724029208,2023-08-10T20:20:29.208(UTC-07:00),0.869,9405579,10821674
1691724029252,2023-08-10T20:20:29.252(UTC-07:00),0.870,9449151,10842188
1691724029319,2023-08-10T20:20:29.319(UTC-07:00),0.870,9430453,10815625
1691724029350,2023-08-10T20:20:29.350(UTC-07:00),0.870,9443505,10830307
1691724029387,2023-08-10T20:20:29.387(UTC-07:00),0.870,9425722,10810415
1691724029462,2023-08-10T20:20:29.462(UTC-07:00),0.870,9423128,10800895
1691724029499,2023-08-10T20:20:29.499(UTC-07:00),0.870,9431541,10815173
1691724029538,2023-08-10T20:20:29.538(UTC-07:00),0.870,9411822,10804262
1691724029605,2023-08-10T20:20:29.605(UTC-07:00),0.870,9394892,10781974
1691724029642,2023-08-10T20:20:29.642(UTC-07:00),0.870,9405212,10799557
1691724029673,2023-08-10T20:20:29.673(UTC-07:00),0.870,9397199,10780113
1691724029740,2023-08-10T20:20:29.740(UTC-07:00),0.870,9383103,10772246
1691724029777,2023-08-10T20:20:29.777(UTC-07:00),0.870,9348003,10736534
1691724029808,2023-08-10T20:20:29.808(UTC-07:00),0.870,9316655,10703344
1691724029875,2023-08-10T20:20:29.875(UTC-07:00),0.870,9308724,10704065
1691724029912,2023-08-10T20:20:29.912(UTC-07:00),0.870,9290690,10692940
1691724029943,2023-08-10T20:20:29.943(UTC-07:00),0.870,9301780,10708213
1691724030010,2023-08-10T20:20:30.010(UTC-07:00),0.870,9282203,10690510
1691724030048,2023-08-10T20:20:30.048(UTC-07:00),0.870,9356714,10751100
1691724030084,2023-08-10T20:20:30.084(UTC-07:00),0.870,9371566,10756898
1691724030159,2023-08-10T20:20:30.159(UTC-07:00),0.870,9405224,10775535
1691724030190,2023-08-10T20:20:30.190(UTC-07:00),0.870,9415034,10777491
1691724030227,2023-08-10T20:20:30.227(UTC-07:00),0.870,9407137,10777370
1691724030294,2023-08-10T20:20:30.294(UTC-07:00),0.871,9425022,10792120
1691724030325,2023-08-10T20:20:30.325(UTC-07:00),0.871,9431480,10800504
1691724030362,2023-08-10T20:20:30.362(UTC-07:00),0.871,9413301,10784662
1691724030429,2023-08-10T20:20:30.429(UTC-07:00),0.871,9408053,10781117
1691724030460,2023-08-10T20:20:30.460(UTC-07:00),0.871,9410833,10783912
1691724030497,2023-08-10T20:20:30.497(UTC-07:00),0.871,9395193,10780477
1691724030572,2023-08-10T20:20:30.572(UTC-07:00),0.871,9412568,10799177
1691724030602,2023-08-10T20:20:30.602(UTC-07:00),0.871,9383057,10772958
1691724030639,2023-08-10T20:20:30.639(UTC-07:00),0.871,9379615,10775467
1691724030707,2023-08-10T20:20:30.707(UTC-07:00),0.871,9369188,10761195
1691724030737,2023-08-10T20:20:30.737(UTC-07:00),0.871,9381125,10778210
1691724030774,2023-08-10T20:20:30.774(UTC-07:00),0.871,9372866,10787589
1691724030842,2023-08-10T20:20:30.842(UTC-07:00),0.871,9372264,10769526
1691724030873,2023-08-10T20:20:30.873(UTC-07:00),0.871,9420579,10795536
1691724030909,2023-08-10T20:20:30.909(UTC-07:00),0.871,9433779,10788986
1691724030984,2023-08-10T20:20:30.984(UTC-07:00),0.871,9425760,10777574
1691724031015,2023-08-10T20:20:31.015(UTC-07:00),0.872,9444168,10789765
1691724031052,2023-08-10T20:20:31.052(UTC-07:00),0.872,9391664,10754526
1691724031127,2023-08-10T20:20:31.127(UTC-07:00),0.872,9395939,10758560
1691724031158,2023-08-10T20:20:31.158(UTC-07:00),0.872,9398060,10761713
1691724031194,2023-08-10T20:20:31.194(UTC-07:00),0.872,9402556,10757706
1691724031262,2023-08-10T20:20:31.262(UTC-07:00),0.872,9418438,10769162
1691724031293,2023-08-10T20:20:31.293(UTC-07:00),0.872,9392563,10745723
1691724031329,2023-08-10T20:20:31.329(UTC-07:00),0.872,9396567,10768822
1691724031397,2023-08-10T20:20:31.397(UTC-07:00),0.872,9385015,10749836
1691724031427,2023-08-10T20:20:31.427(UTC-07:00),0.872,9366055,10745835
1691724031464,2023-08-10T20:20:31.464(UTC-07:00),0.872,9390788,10759362
1691724031533,2023-08-10T20:20:31.533(UTC-07:00),0.872,9351377,10725751
1691724031563,2023-08-10T20:20:31.563(UTC-07:00),0.872,9354820,10739862
1691724031600,2023-08-10T20:20:31.600(UTC-07:00),0.872,9369437,10758587
1691724031667,2023-08-10T20:20:31.667(UTC-07:00),0.872,9397155,10791709
1691724031698,2023-08-10T20:20:31.698(UTC-07:00),0.872,9380132,10783886
1691724031742,2023-08-10T20:20:31.742(UTC-07:00),0.872,9398125,10791816
1691724031810,2023-08-10T20:20:31.810(UTC-07:00),0.872,9444678,10814100
1691724031840,2023-08-10T20:20:31.840(UTC-07:00),0.872,9455880,10821302
1691724031877,2023-08-10T20:20:31.877(UTC-07:00),0.872,9454142,10811418
1691724031944,2023-08-10T20:20:31.944(UTC-07:00),0.872,9463713,10820260
1691724031975,2023-08-10T20:20:31.975(UTC-07:00),0.873,9455740,10810565
1691724032012,2023-08-10T20:20:32.012(UTC-07:00),0.873,9459035,10814421
1691724032079,2023-08-10T20:20:32.079(UTC-07:00),0.873,9447662,10803007
1691724032110,2023-08-10T20:20:32.110(UTC-07:00),0.873,9451820,10819020
1691724032148,2023-08-10T20:20:32.148(UTC-07:00),0.873,9475438,10832385
1691724032214,2023-08-10T20:20:32.214(UTC-07:00),0.873,9439921,10816349
1691724032253,2023-08-10T20:20:32.253(UTC-07:00),0.873,9444099,10814263
1691724032290,2023-08-10T20:20:32.290(UTC-07:00),0.873,9396133,10762730
1691724032357,2023-08-10T20:20:32.357(UTC-07:00),0.873,9409552,10787829
1691724032388,2023-08-10T20:20:32.388(UTC-07:00),0.873,9398496,10787045
1691724032425,2023-08-10T20:20:32.425(UTC-07:00),0.873,9366734,10762454
1691724032499,2023-08-10T20:20:32.499(UTC-07:00),0.873,9368712,10760677
1691724032530,2023-08-10T20:20:32.530(UTC-07:00),0.873,9371625,10773621
1691724032567,2023-08-10T20:20:32.567(UTC-07:00),0.873,9354307,10759212
1691724032634,2023-08-10T20:20:32.634(UTC-07:00),0.873,9357076,10770593
1691724032665,2023-08-10T20:20:32.665(UTC-07:00),0.873,9329689,10765132
1691724032703,2023-08-10T20:20:32.703(UTC-07:00),0.872,9381458,10795769
1691724032784,2023-08-10T20:20:32.784(UTC-07:00),0.872,9416030,10804785
1691724032815,2023-08-10T20:20:32.815(UTC-07:00),0.872,9444205,10818861
1691724032860,2023-08-10T20:20:32.860(UTC-07:00),0.872,9420931,10803297
1691724032928,2023-08-10T20:20:32.928(UTC-07:00),0.872,9435928,10815882
1691724032972,2023-08-10T20:20:32.972(UTC-07:00),0.872,9446096,10813602
1691724033009,2023-08-10T20:20:33.009(UTC-07:00),0.872,9409052,10781532
1691724033092,2023-08-10T20:20:33.092(UTC-07:00),0.872,9403323,10787361
1691724033123,2023-08-10T20:20:33.123(UTC-07:00),0.872,9424327,10789504
1691724033182,2023-08-10T20:20:33.182(UTC-07:00),0.872,9402345,10789842
1691724033250,2023-08-10T20:20:33.250(UTC-07:00),0.872,9413058,10794255
1691724033287,2023-08-10T20:20:33.287(UTC-07:00),0.872,9422337,10800896
1691724033318,2023-08-10T20:20:33.318(UTC-07:00),0.872,9405988,10800725
1691724033414,2023-08-10T20:20:33.414(UTC-07:00),0.872,9425242,10816037
1691724033445,2023-08-10T20:20:33.445(UTC-07:00),0.872,9394332,10786731
1691724033482,2023-08-10T20:20:33.482(UTC-07:00),0.872,9401885,10805609
1691724033559,2023-08-10T20:20:33.559(UTC-07:00),0.872,9390393,10791712
1691724033603,2023-08-10T20:20:33.603(UTC-07:00),0.872,9371091,10770326
1691724033647,2023-08-10T20:20:33.647(UTC-07:00),0.872,9376163,10802902
1691724033722,2023-08-10T20:20:33.722(UTC-07:00),0.872,9384652,10807641
1691724033760,2023-08-10T20:20:33.760(UTC-07:00),0.872,9422864,10850340
1691724033804,2023-08-10T20:20:33.804(UTC-07:00),0.872,9470969,10881985
1691724033888,2023-08-10T20:20:33.888(UTC-07:00),0.872,9507276,10901094
1691724033933,2023-08-10T20:20:33.933(UTC-07:00),0.871,9506878,10901682
1691724033985,2023-08-10T20:20:33.985(UTC-07:00),0.871,9515323,10905211
1691724034052,2023-08-10T20:20:34.052(UTC-07:00),0.871,9506938,10891380
1691724034105,2023-08-10T20:20:34.105(UTC-07:00),0.871,9509326,10889067
1691724034143,2023-08-10T20:20:34.143(UTC-07:00),0.871,9500262,10896817
1691724034239,2023-08-10T20:20:34.239(UTC-07:00),0.871,9484526,10886098
1691724034293,2023-08-10T20:20:34.293(UTC-07:00),0.871,9465065,10861517
1691724034323,2023-08-10T20:20:34.323(UTC-07:00),0.871,9489654,10874508
1691724034404,2023-08-10T20:20:34.404(UTC-07:00),0.871,9465348,10864849
1691724034435,2023-08-10T20:20:34.435(UTC-07:00),0.871,9464111,10866583
1691724034472,2023-08-10T20:20:34.472(UTC-07:00),0.871,9439424,10856011
1691724034562,2023-08-10T20:20:34.562(UTC-07:00),0.871,9404707,10810886
1691724034600,2023-08-10T20:20:34.600(UTC-07:00),0.871,9406732,10817782
1691724034660,2023-08-10T20:20:34.660(UTC-07:00),0.871,9394862,10810111
1691724034743,2023-08-10T20:20:34.743(UTC-07:00),0.871,9391140,10808467
1691724034787,2023-08-10T20:20:34.787(UTC-07:00),0.871,9388287,10817847
1691724034825,2023-08-10T20:20:34.825(UTC-07:00),0.871,9352834,10797429
1691724034907,2023-08-10T20:20:34.907(UTC-07:00),0.871,9417727,10847840
1691724034967,2023-08-10T20:20:34.967(UTC-07:00),0.871,9446452,10846709
1691724034997,2023-08-10T20:20:34.997(UTC-07:00),0.871,9486058,10876934
1691724035087,2023-08-10T20:20:35.087(UTC-07:00),0.871,9483122,10874885
1691724035132,2023-08-10T20:20:35.132(UTC-07:00),0.871,9499479,10873556
1691724035179,2023-08-10T20:20:35.179(UTC-07:00),0.871,9471761,10855980
1691724035245,2023-08-10T20:20:35.245(UTC-07:00),0.871,9489728,10873028
1691724035290,2023-08-10T20:20:35.290(UTC-07:00),0.871,9466712,10857356
1691724035327,2023-08-10T20:20:35.327(UTC-07:00),0.871,9442323,10842067
1691724035424,2023-08-10T20:20:35.424(UTC-07:00),0.871,9441910,10834364
1691724035455,2023-08-10T20:20:35.455(UTC-07:00),0.871,9439038,10836737
1691724035499,2023-08-10T20:20:35.499(UTC-07:00),0.871,9415476,10823333
1691724035567,2023-08-10T20:20:35.567(UTC-07:00),0.871,9408608,10811360
1691724035628,2023-08-10T20:20:35.628(UTC-07:00),0.871,9413011,10827849
1691724035672,2023-08-10T20:20:35.672(UTC-07:00),0.871,9418465,10837970
1691724035755,2023-08-10T20:20:35.755(UTC-07:00),0.871,9435777,10865016
1691724035807,2023-08-10T20:20:35.807(UTC-07:00),0.871,9420850,10859459
1691724035852,2023-08-10T20:20:35.852(UTC-07:00),0.870,9468036,10885950
1691724035935,2023-08-10T20:20:35.935(UTC-07:00),0.871,9498263,10880854
1691724035972,2023-08-10T20:20:35.972(UTC-07:00),0.871,9513781,10910859
1691724036017,2023-08-10T20:20:36.017(UTC-07:00),0.871,9474074,10867573
1691724036092,2023-08-10T20:20:36.092(UTC-07:00),0.871,9481781,10874551
1691724036130,2023-08-10T20:20:36.130(UTC-07:00),0.871,9481671,10882149
1691724036168,2023-08-10T20:20:36.168(UTC-07:00),0.871,9472136,10886070
1691724036265,2023-08-10T20:20:36.265(UTC-07:00),0.871,9496004,10893935
1691724036302,2023-08-10T20:20:36.302(UTC-07:00),0.871,9463462,10863312
1691724036355,2023-08-10T20:20:36.355(UTC-07:00),0.871,9452351,10858857
1691724036437,2023-08-10T20:20:36.437(UTC-07:00),0.871,9460296,10861356
1691724036467,2023-08-10T20:20:36.467(UTC-07:00),0.871,9421537,10851387
1691724036504,2023-08-10T20:20:36.504(UTC-07:00),0.870,9412412,10831855
1691724036573,2023-08-10T20:20:36.573(UTC-07:00),0.870,9409380,10833947
1691724036609,2023-08-10T20:20:36.609(UTC-07:00),0.870,9394023,10822420
1691724036640,2023-08-10T20:20:36.640(UTC-07:00),0.870,9432784,10857314
1691724036752,2023-08-10T20:20:36.752(UTC-07:00),0.870,9442465,10826968
1691724036790,2023-08-10T20:20:36.790(UTC-07:00),0.870,9490459,10877512
1691724036820,2023-08-10T20:20:36.820(UTC-07:00),0.870,9485533,10869040
1691724036895,2023-08-10T20:20:36.895(UTC-07:00),0.871,9458760,10849291
1691724036932,2023-08-10T20:20:36.932(UTC-07:00),0.871,9461082,10868822
1691724036962,2023-08-10T20:20:36.962(UTC-07:00),0.871,9471007,10875599
1691724037030,2023-08-10T20:20:37.030(UTC-07:00),0.871,9463885,10850735
1691724037068,2023-08-10T20:20:37.068(UTC-07:00),0.871,9421218,10834919
1691724037104,2023-08-10T20:20:37.104(UTC-07:00),0.871,9417014,10811354
1691724037172,2023-08-10T20:20:37.172(UTC-07:00),0.871,9396522,10773633
1691724037203,2023-08-10T20:20:37.203(UTC-07:00),0.871,9415466,10815067
1691724037239,2023-08-10T20:20:37.239(UTC-07:00),0.871,9398734,10803245
1691724037308,2023-08-10T20:20:37.308(UTC-07:00),0.871,9393851,10812284
1691724037345,2023-08-10T20:20:37.345(UTC-07:00),0.870,9395004,10819431
1691724037382,2023-08-10T20:20:37.382(UTC-07:00),0.870,9408439,10838100
1691724037450,2023-08-10T20:20:37.450(UTC-07:00),0.870,9436848,10853653
1691724037487,2023-08-10T20:20:37.487(UTC-07:00),0.870,9469296,10873099
1691724037517,2023-08-10T20:20:37.517(UTC-07:00),0.870,9486301,10887704
1691724037585,2023-08-10T20:20:37.585(UTC-07:00),0.870,9489414,10873169
1691724037622,2023-08-10T20:20:37.622(UTC-07:00),0.870,9470613,10859890
1691724037652,2023-08-10T20:20:37.652(UTC-07:00),0.871,9462512,10855621
1691724037720,2023-08-10T20:20:37.720(UTC-07:00),0.871,9465896,10856055
1691724037757,2023-08-10T20:20:37.757(UTC-07:00),0.871,9439941,10835056
1691724037795,2023-08-10T20:20:37.795(UTC-07:00),0.871,9446971,10844738
1691724037863,2023-08-10T20:20:37.863(UTC-07:00),0.871,9438658,10834609
1691724037899,2023-08-10T20:20:37.899(UTC-07:00),0.871,9421922,10818270
1691724037938,2023-08-10T20:20:37.938(UTC-07:00),0.871,9409996,10819422
1691724038005,2023-08-10T20:20:38.005(UTC-07:00),0.871,9378799,10793785
1691724038043,2023-08-10T20:20:38.043(UTC-07:00),0.871,9400179,10812911
1691724038072,2023-08-10T20:20:38.072(UTC-07:00),0.870,9404086,10819667
1691724038140,2023-08-10T20:20:38.140(UTC-07:00),0.870,9389591,10804553
1691724038177,2023-08-10T20:20:38.177(UTC-07:00),0.870,9433371,10844840
1691724038208,2023-08-10T20:20:38.208(UTC-07:00),0.870,9418452,10809993
1691724038275,2023-08-10T20:20:38.275(UTC-07:00),0.870,9433092,10817525
1691724038312,2023-08-10T20:20:38.312(UTC-07:00),0.870,9417047,10796734
1691724038343,2023-08-10T20:20:38.343(UTC-07:00),0.871,9406745,10780958
1691724038418,2023-08-10T20:20:38.418(UTC-07:00),0.871,9405089,10791928
1691724038454,2023-08-10T20:20:38.454(UTC-07:00),0.871,9400231,10780712
1691724038485,2023-08-10T20:20:38.485(UTC-07:00),0.871,9387415,10758689
1691724038553,2023-08-10T20:20:38.553(UTC-07:00),0.871,9359766,10755461
1691724038589,2023-08-10T20:20:38.589(UTC-07:00),0.871,9382317,10761771
1691724038620,2023-08-10T20:20:38.620(UTC-07:00),0.871,9361326,10736978
1691724038688,2023-08-10T20:20:38.688(UTC-07:00),0.871,9359560,10744026
1691724038725,2023-08-10T20:20:38.725(UTC-07:00),0.871,9326346,10709919
1691724038755,2023-08-10T20:20:38.755(UTC-07:00),0.871,9321352,10715189
1691724038823,2023-08-10T20:20:38.823(UTC-07:00),0.871,9326122,10729176
1691724038859,2023-08-10T20:20:38.859(UTC-07:00),0.871,9313233,10711489
1691724038890,2023-08-10T20:20:38.890(UTC-07:00),0.871,9290453,10700632
1691724038958,2023-08-10T20:20:38.958(UTC-07:00),0.871,9334715,10729870
1691724038994,2023-08-10T20:20:38.994(UTC-07:00),0.871,9361447,10742629
1691724039033,2023-08-10T20:20:39.033(UTC-07:00),0.871,9365122,10741020
1691724039100,2023-08-10T20:20:39.100(UTC-07:00),0.871,9380697,10742670
1691724039137,2023-08-10T20:20:39.137(UTC-07:00),0.871,9373067,10756959
1691724039168,2023-08-10T20:20:39.168(UTC-07:00),0.871,9371158,10741442
1691724039243,2023-08-10T20:20:39.243(UTC-07:00),0.871,9351744,10726618
1691724039279,2023-08-10T20:20:39.279(UTC-07:00),0.871,9356826,10734243
1691724039310,2023-08-10T20:20:39.310(UTC-07:00),0.871,9345305,10724529
1691724039385,2023-08-10T20:20:39.385(UTC-07:00),0.871,9329814,10706862
1691724039422,2023-08-10T20:20:39.422(UTC-07:00),0.871,9316568,10689587
1691724039452,2023-08-10T20:20:39.452(UTC-07:00),0.871,9313069,10679275
1691724039520,2023-08-10T20:20:39.520(UTC-07:00),0.871,9305973,10690053
1691724039557,2023-08-10T20:20:39.557(UTC-07:00),0.871,9318249,10699741
1691724039587,2023-08-10T20:20:39.587(UTC-07:00),0.871,9275338,10662919
1691724039655,2023-08-10T20:20:39.655(UTC-07:00),0.871,9296071,10676656
1691724039692,2023-08-10T20:20:39.692(UTC-07:00),0.871,9239606,10636533
1691724039729,2023-08-10T20:20:39.729(UTC-07:00),0.871,9237560,10632926
1691724039790,2023-08-10T20:20:39.790(UTC-07:00),0.871,9239775,10648896
1691724039827,2023-08-10T20:20:39.827(UTC-07:00),0.871,9240540,10653075
1691724039858,2023-08-10T20:20:39.858(UTC-07:00),0.871,9290925,10687131
1691724039926,2023-08-10T20:20:39.926(UTC-07:00),0.871,9304566,10686210
1691724039962,2023-08-10T20:20:39.962(UTC-07:00),0.871,9304196,10692483
1691724039993,2023-08-10T20:20:39.993(UTC-07:00),0.871,9336595,10689390
1691724040067,2023-08-10T20:20:40.067(UTC-07:00),0.871,9311675,10674961
1691724040097,2023-08-10T20:20:40.097(UTC-07:00),0.871,9300758,10649468
1691724040135,2023-08-10T20:20:40.135(UTC-07:00),0.871,9277541,10647773
1691724040202,2023-08-10T20:20:40.202(UTC-07:00),0.871,9297038,10651312
1691724040232,2023-08-10T20:20:40.232(UTC-07:00),0.871,9301593,10664736
1691724040269,2023-08-10T20:20:40.269(UTC-07:00),0.871,9289465,10655097
1691724040344,2023-08-10T20:20:40.344(UTC-07:00),0.871,9291281,10663100
1691724040382,2023-08-10T20:20:40.382(UTC-07:00),0.871,9276523,10647928
1691724040420,2023-08-10T20:20:40.420(UTC-07:00),0.871,9298887,10672670
1691724040495,2023-08-10T20:20:40.495(UTC-07:00),0.871,9281520,10656778
1691724040539,2023-08-10T20:20:40.539(UTC-07:00),0.871,9271337,10642409
1691724040577,2023-08-10T20:20:40.577(UTC-07:00),0.871,9265983,10658711
1691724040645,2023-08-10T20:20:40.645(UTC-07:00),0.871,9256844,10642980
1691724040683,2023-08-10T20:20:40.683(UTC-07:00),0.871,9253835,10649823
1691724040727,2023-08-10T20:20:40.727(UTC-07:00),0.871,9233224,10628854
1691724040817,2023-08-10T20:20:40.817(UTC-07:00),0.871,9213577,10610704
1691724040855,2023-08-10T20:20:40.855(UTC-07:00),0.871,9232135,10644051
1691724040892,2023-08-10T20:20:40.892(UTC-07:00),0.871,9240584,10650953
1691724040976,2023-08-10T20:20:40.976(UTC-07:00),0.871,9298113,10684735
1691724041005,2023-08-10T20:20:41.005(UTC-07:00),0.871,9304696,10674125
1691724041042,2023-08-10T20:20:41.042(UTC-07:00),0.871,9307964,10669881
1691724041126,2023-08-10T20:20:41.126(UTC-07:00),0.871,9320377,10688187
1691724041170,2023-08-10T20:20:41.170(UTC-07:00),0.871,9341586,10706572
1691724041200,2023-08-10T20:20:41.200(UTC-07:00),0.871,9332583,10677150
1691724041297,2023-08-10T20:20:41.297(UTC-07:00),0.871,9320211,10685901
1691724041350,2023-08-10T20:20:41.350(UTC-07:00),0.871,9299406,10669243
1691724041402,2023-08-10T20:20:41.402(UTC-07:00),0.871,9285680,10652555
1691724041486,2023-08-10T20:20:41.486(UTC-07:00),0.871,9279721,10637582
1691724041522,2023-08-10T20:20:41.522(UTC-07:00),0.871,9280683,10636561
1691724041553,2023-08-10T20:20:41.553(UTC-07:00),0.871,9287458,10657381
1691724041635,2023-08-10T20:20:41.635(UTC-07:00),0.871,9284644,10652540
1691724041672,2023-08-10T20:20:41.672(UTC-07:00),0.871,9271238,10664115
1691724041717,2023-08-10T20:20:41.717(UTC-07:00),0.871,9269852,10660040
1691724041800,2023-08-10T20:20:41.800(UTC-07:00),0.871,9266532,10660415
1691724041830,2023-08-10T20:20:41.830(UTC-07:00),0.871,9276546,10672827
1691724041890,2023-08-10T20:20:41.890(UTC-07:00),0.871,9267001,10666820
1691724041958,2023-08-10T20:20:41.958(UTC-07:00),0.871,9249586,10658024
1691724042003,2023-08-10T20:20:42.003(UTC-07:00),0.871,9252502,10659066
1691724042055,2023-08-10T20:20:42.055(UTC-07:00),0.871,9234851,10656261
1691724042130,2023-08-10T20:20:42.130(UTC-07:00),0.871,9272313,10697751
1691724042212,2023-08-10T20:20:42.212(UTC-07:00),0.870,9294975,10685115
1691724042250,2023-08-10T20:20:42.250(UTC-07:00),0.870,9318680,10706007
1691724042339,2023-08-10T20:20:42.339(UTC-07:00),0.870,9316211,10706215
1691724042378,2023-08-10T20:20:42.378(UTC-07:00),0.870,9337745,10704535
1691724042437,2023-08-10T20:20:42.437(UTC-07:00),0.870,9312865,10686315
1691724042528,2023-08-10T20:20:42.528(UTC-07:00),0.870,9292769,10678069
1691724042564,2023-08-10T20:20:42.564(UTC-07:00),0.870,9270178,10660703
1691724042602,2023-08-10T20:20:42.602(UTC-07:00),0.870,9291580,10680821
1691724042678,2023-08-10T20:20:42.678(UTC-07:00),0.870,9281301,10677967
1691724042715,2023-08-10T20:20:42.715(UTC-07:00),0.870,9265643,10669485
1691724042752,2023-08-10T20:20:42.752(UTC-07:00),0.870,9276653,10683049
1691724042827,2023-08-10T20:20:42.827(UTC-07:00),0.870,9227594,10635137
1691724042865,2023-08-10T20:20:42.865(UTC-07:00),0.870,9224021,10634278
1691724042903,2023-08-10T20:20:42.903(UTC-07:00),0.870,9207288,10627596
1691724042977,2023-08-10T20:20:42.977(UTC-07:00),0.870,9191661,10611045
1691724043022,2023-08-10T20:20:43.022(UTC-07:00),0.870,9183235,10615350
1691724043052,2023-08-10T20:20:43.052(UTC-07:00),0.870,9222951,10652936
1691724043120,2023-08-10T20:20:43.120(UTC-07:00),0.870,9244207,10666352
1691724043157,2023-08-10T20:20:43.157(UTC-07:00),0.870,9267771,10677222
1691724043188,2023-08-10T20:20:43.188(UTC-07:00),0.870,9277554,10669453
1691724043255,2023-08-10T20:20:43.255(UTC-07:00),0.869,9264413,10652515
1691724043292,2023-08-10T20:20:43.292(UTC-07:00),0.869,9246651,10656785
1691724043323,2023-08-10T20:20:43.323(UTC-07:00),0.869,9251299,10649705
1691724043390,2023-08-10T20:20:43.390(UTC-07:00),0.869,9264228,10664055
1691724043427,2023-08-10T20:20:43.427(UTC-07:00),0.869,9249999,10660955
1691724043458,2023-08-10T20:20:43.458(UTC-07:00),0.869,9237727,10643043
1691724043526,2023-08-10T20:20:43.526(UTC-07:00),0.869,9213930,10628416
1691724043562,2023-08-10T20:20:43.562(UTC-07:00),0.869,9216619,10624698
1691724043593,2023-08-10T20:20:43.593(UTC-07:00),0.869,9236793,10651365
1691724043668,2023-08-10T20:20:43.668(UTC-07:00),0.868,9193311,10607469
1691724043704,2023-08-10T20:20:43.704(UTC-07:00),0.868,9224781,10644221
1691724043735,2023-08-10T20:20:43.735(UTC-07:00),0.868,9201090,10631847
1691724043803,2023-08-10T20:20:43.803(UTC-07:00),0.868,9182972,10620321
1691724043839,2023-08-10T20:20:43.839(UTC-07:00),0.868,9188919,10628913
1691724043870,2023-08-10T20:20:43.870(UTC-07:00),0.868,9163693,10604722
1691724043938,2023-08-10T20:20:43.938(UTC-07:00),0.868,9189216,10640397
1691724043974,2023-08-10T20:20:43.974(UTC-07:00),0.868,9240764,10640629
1691724044005,2023-08-10T20:20:44.005(UTC-07:00),0.868,9217977,10617779
1691724044073,2023-08-10T20:20:44.073(UTC-07:00),0.868,9231740,10630780
1691724044110,2023-08-10T20:20:44.110(UTC-07:00),0.868,9221537,10620123
1691724044140,2023-08-10T20:20:44.140(UTC-07:00),0.868,9225162,10619798
1691724044208,2023-08-10T20:20:44.208(UTC-07:00),0.868,9213214,10615539
1691724044252,2023-08-10T20:20:44.252(UTC-07:00),0.868,9215213,10621622
1691724044282,2023-08-10T20:20:44.282(UTC-07:00),0.868,9216878,10622535
1691724044350,2023-08-10T20:20:44.350(UTC-07:00),0.867,9199453,10604770
1691724044387,2023-08-10T20:20:44.387(UTC-07:00),0.867,9225867,10625471
1691724044426,2023-08-10T20:20:44.426(UTC-07:00),0.867,9198368,10620270
1691724044493,2023-08-10T20:20:44.493(UTC-07:00),0.867,9190588,10604912
1691724044529,2023-08-10T20:20:44.529(UTC-07:00),0.867,9191834,10607745
1691724044560,2023-08-10T20:20:44.560(UTC-07:00),0.867,9177959,10592159
1691724044628,2023-08-10T20:20:44.628(UTC-07:00),0.867,9182612,10596323
1691724044664,2023-08-10T20:20:44.664(UTC-07:00),0.867,9156546,10582674
1691724044695,2023-08-10T20:20:44.695(UTC-07:00),0.867,9155481,10589256
1691724044762,2023-08-10T20:20:44.762(UTC-07:00),0.867,9176579,10594590
1691724044799,2023-08-10T20:20:44.799(UTC-07:00),0.867,9183362,10590762
1691724044830,2023-08-10T20:20:44.830(UTC-07:00),0.867,9211852,10602497
1691724044898,2023-08-10T20:20:44.898(UTC-07:00),0.867,9215056,10602797
1691724044935,2023-08-10T20:20:44.935(UTC-07:00),0.867,9187690,10577762
1691724044965,2023-08-10T20:20:44.965(UTC-07:00),0.867,9203162,10595950
1691724045040,2023-08-10T20:20:45.040(UTC-07:00),0.867,9176425,10571572
1691724045077,2023-08-10T20:20:45.077(UTC-07:00),0.867,9172934,10563882
1691724045108,2023-08-10T20:20:45.108(UTC-07:00),0.867,9171662,10571686
1691724045176,2023-08-10T20:20:45.176(UTC-07:00),0.867,9157145,10556845
1691724045212,2023-08-10T20:20:45.212(UTC-07:00),0.867,9182701,10574577
1691724045243,2023-08-10T20:20:45.243(UTC-07:00),0.867,9148787,10552507
1691724045318,2023-08-10T20:20:45.318(UTC-07:00),0.867,9138844,10543033
1691724045354,2023-08-10T20:20:45.354(UTC-07:00),0.867,9140088,10546804
1691724045385,2023-08-10T20:20:45.385(UTC-07:00),0.867,9125681,10535852
1691724045453,2023-08-10T20:20:45.453(UTC-07:00),0.867,9129864,10549170
1691724045495,2023-08-10T20:20:45.495(UTC-07:00),0.867,9107312,10530345
1691724045520,2023-08-10T20:20:45.520(UTC-07:00),0.867,9122410,10548599
1691724045588,2023-08-10T20:20:45.588(UTC-07:00),0.867,9166528,10573148
1691724045632,2023-08-10T20:20:45.632(UTC-07:00),0.867,9178122,10566247
1691724045663,2023-08-10T20:20:45.663(UTC-07:00),0.867,9183037,10567709
1691724045730,2023-08-10T20:20:45.730(UTC-07:00),0.867,9178722,10570260
1691724045767,2023-08-10T20:20:45.767(UTC-07:00),0.867,9193567,10565938
1691724045798,2023-08-10T20:20:45.798(UTC-07:00),0.867,9182902,10567560
1691724045865,2023-08-10T20:20:45.865(UTC-07:00),0.867,9189155,10557403
1691724045902,2023-08-10T20:20:45.902(UTC-07:00),0.867,9156072,10531038
1691724045933,2023-08-10T20:20:45.933(UTC-07:00),0.868,9159788,10532851
1691724046000,2023-08-10T20:20:46.000(UTC-07:00),0.867,9156720,10561253
1691724046037,2023-08-10T20:20:46.037(UTC-07:00),0.867,9179265,10573038
1691724046075,2023-08-10T20:20:46.075(UTC-07:00),0.868,9166618,10556998
1691724046143,2023-08-10T20:20:46.143(UTC-07:00),0.867,9160140,10561686
1691724046173,2023-08-10T20:20:46.173(UTC-07:00),0.867,9140336,10544684
1691724046210,2023-08-10T20:20:46.210(UTC-07:00),0.867,9119587,10534550
1691724046284,2023-08-10T20:20:46.284(UTC-07:00),0.867,9122430,10529447
1691724046322,2023-08-10T20:20:46.322(UTC-07:00),0.867,9128372,10532466
1691724046353,2023-08-10T20:20:46.353(UTC-07:00),0.867,9153319,10570798
1691724046428,2023-08-10T20:20:46.428(UTC-07:00),0.867,9106723,10518608
1691724046464,2023-08-10T20:20:46.464(UTC-07:00),0.867,9113778,10541128
1691724046495,2023-08-10T20:20:46.495(UTC-07:00),0.867,9124135,10517248
1691724046563,2023-08-10T20:20:46.563(UTC-07:00),0.868,9173860,10556631
1691724046622,2023-08-10T20:20:46.622(UTC-07:00),0.868,9198439,10578792
1691724046652,2023-08-10T20:20:46.652(UTC-07:00),0.868,9203375,10585053
1691724046727,2023-08-10T20:20:46.727(UTC-07:00),0.868,9196595,10577594
1691724046765,2023-08-10T20:20:46.765(UTC-07:00),0.868,9175636,10558643
1691724046801,2023-08-10T20:20:46.801(UTC-07:00),0.868,9181406,10572479
1691724046921,2023-08-10T20:20:46.921(UTC-07:00),0.868,9199125,10590658
1691724046952,2023-08-10T20:20:46.952(UTC-07:00),0.868,9188743,10566156
1691724047004,2023-08-10T20:20:47.004(UTC-07:00),0.868,9177697,10561875
1691724047080,2023-08-10T20:20:47.080(UTC-07:00),0.868,9177000,10573866
1691724047132,2023-08-10T20:20:47.132(UTC-07:00),0.868,9196684,10585323
1691724047176,2023-08-10T20:20:47.176(UTC-07:00),0.868,9187070,10572161
1691724047252,2023-08-10T20:20:47.252(UTC-07:00),0.868,9142815,10539145
1691724047297,2023-08-10T20:20:47.297(UTC-07:00),0.868,9153541,10554327
1691724047342,2023-08-10T20:20:47.342(UTC-07:00),0.868,9141555,10542767
1691724047424,2023-08-10T20:20:47.424(UTC-07:00),0.868,9121347,10517379
1691724047455,2023-08-10T20:20:47.455(UTC-07:00),0.868,9135733,10539818
1691724047492,2023-08-10T20:20:47.492(UTC-07:00),0.868,9142227,10563100
1691724047596,2023-08-10T20:20:47.596(UTC-07:00),0.868,9137430,10559282
1691724047671,2023-08-10T20:20:47.671(UTC-07:00),0.868,9152306,10570285
1691724047739,2023-08-10T20:20:47.739(UTC-07:00),0.868,9206408,10608640
1691724047814,2023-08-10T20:20:47.814(UTC-07:00),0.868,9212160,10614784
1691724047859,2023-08-10T20:20:47.859(UTC-07:00),0.868,9219627,10607196
1691724047890,2023-08-10T20:20:47.890(UTC-07:00),0.868,9228544,10600642
1691724047987,2023-08-10T20:20:47.987(UTC-07:00),0.868,9225762,10612333
1691724048040,2023-08-10T20:20:48.040(UTC-07:00),0.868,9202161,10586733
1691724048084,2023-08-10T20:20:48.084(UTC-07:00),0.868,9210866,10587221
1691724048175,2023-08-10T20:20:48.175(UTC-07:00),0.868,9187807,10571750
1691724048219,2023-08-10T20:20:48.219(UTC-07:00),0.868,9183671,10563998
1691724048265,2023-08-10T20:20:48.265(UTC-07:00),0.868,9203449,10575171
1691724048370,2023-08-10T20:20:48.370(UTC-07:00),0.868,9182782,10577644
1691724048407,2023-08-10T20:20:48.407(UTC-07:00),0.868,9182180,10574646
1691724048467,2023-08-10T20:20:48.467(UTC-07:00),0.868,9181165,10576532
1691724048549,2023-08-10T20:20:48.549(UTC-07:00),0.868,9150363,10542757
1691724048580,2023-08-10T20:20:48.580(UTC-07:00),0.868,9154107,10564657
1691724048624,2023-08-10T20:20:48.624(UTC-07:00),0.868,9145541,10553441
1691724048736,2023-08-10T20:20:48.736(UTC-07:00),0.868,9104873,10540297
1691724048767,2023-08-10T20:20:48.767(UTC-07:00),0.868,9168562,10574874
1691724048834,2023-08-10T20:20:48.834(UTC-07:00),0.868,9205526,10602082
1691724048901,2023-08-10T20:20:48.901(UTC-07:00),0.868,9233674,10588881
1691724048933,2023-08-10T20:20:48.933(UTC-07:00),0.868,9229120,10611785
1691724048984,2023-08-10T20:20:48.984(UTC-07:00),0.868,9226351,10614529
1691724049081,2023-08-10T20:20:49.081(UTC-07:00),0.868,9214345,10600917
1691724049120,2023-08-10T20:20:49.120(UTC-07:00),0.868,9217899,10607986
1691724049172,2023-08-10T20:20:49.172(UTC-07:00),0.868,9198467,10592141
1691724049247,2023-08-10T20:20:49.247(UTC-07:00),0.868,9193011,10567610
1691724049284,2023-08-10T20:20:49.284(UTC-07:00),0.868,9209195,10614879
1691724049329,2023-08-10T20:20:49.329(UTC-07:00),0.868,9187347,10609774
1691724049404,2023-08-10T20:20:49.404(UTC-07:00),0.868,9174146,10593666
1691724049449,2023-08-10T20:20:49.449(UTC-07:00),0.868,9164541,10586429
1691724049498,2023-08-10T20:20:49.498(UTC-07:00),0.868,9156152,10593054
1691724049585,2023-08-10T20:20:49.585(UTC-07:00),0.868,9152938,10568551
1691724049629,2023-08-10T20:20:49.629(UTC-07:00),0.868,9128413,10567570
1691724049667,2023-08-10T20:20:49.667(UTC-07:00),0.868,9196691,10626379
1691724049787,2023-08-10T20:20:49.787(UTC-07:00),0.868,9198018,10622423
1691724049825,2023-08-10T20:20:49.825(UTC-07:00),0.868,9207374,10611144
1691724049869,2023-08-10T20:20:49.869(UTC-07:00),0.868,9214124,10610930
1691724049945,2023-08-10T20:20:49.945(UTC-07:00),0.868,9205003,10604248
1691724049997,2023-08-10T20:20:49.997(UTC-07:00),0.868,9191320,10587745
1691724050035,2023-08-10T20:20:50.035(UTC-07:00),0.868,9192794,10590011
1691724050117,2023-08-10T20:20:50.117(UTC-07:00),0.868,9173327,10574897
1691724050155,2023-08-10T20:20:50.155(UTC-07:00),0.868,9185463,10603124
1691724050200,2023-08-10T20:20:50.200(UTC-07:00),0.868,9201944,10633527
1691724050282,2023-08-10T20:20:50.282(UTC-07:00),0.868,9207628,10658590
1691724050320,2023-08-10T20:20:50.320(UTC-07:00),0.867,9214219,10670047
1691724050364,2023-08-10T20:20:50.364(UTC-07:00),0.867,9163601,10628445
1691724050432,2023-08-10T20:20:50.432(UTC-07:00),0.867,9159449,10630488
1691724050469,2023-08-10T20:20:50.469(UTC-07:00),0.867,9143636,10640543
1691724050507,2023-08-10T20:20:50.507(UTC-07:00),0.867,9216338,10697428
1691724050582,2023-08-10T20:20:50.582(UTC-07:00),0.866,9237683,10700757
1691724050612,2023-08-10T20:20:50.612(UTC-07:00),0.866,9257642,10708066
1691724050649,2023-08-10T20:20:50.649(UTC-07:00),0.866,9253390,10706323
1691724050717,2023-08-10T20:20:50.717(UTC-07:00),0.866,9273514,10710025
1691724050754,2023-08-10T20:20:50.754(UTC-07:00),0.866,9254555,10692594
1691724050785,2023-08-10T20:20:50.785(UTC-07:00),0.866,9230781,10677957
1691724050859,2023-08-10T20:20:50.859(UTC-07:00),0.866,9239931,10684715
1691724050890,2023-08-10T20:20:50.890(UTC-07:00),0.866,9226791,10666533
1691724050927,2023-08-10T20:20:50.927(UTC-07:00),0.866,9212167,10665687
1691724050995,2023-08-10T20:20:50.995(UTC-07:00),0.866,9207022,10656605
1691724051031,2023-08-10T20:20:51.031(UTC-07:00),0.866,9202060,10657875
1691724051062,2023-08-10T20:20:51.062(UTC-07:00),0.865,9169167,10642320
1691724051130,2023-08-10T20:20:51.130(UTC-07:00),0.865,9193945,10660711
1691724051167,2023-08-10T20:20:51.167(UTC-07:00),0.865,9171876,10654811
1691724051204,2023-08-10T20:20:51.204(UTC-07:00),0.865,9186885,10673758
1691724051272,2023-08-10T20:20:51.272(UTC-07:00),0.865,9193507,10677554
1691724051309,2023-08-10T20:20:51.309(UTC-07:00),0.864,9221484,10701346
1691724051339,2023-08-10T20:20:51.339(UTC-07:00),0.864,9262189,10731467
1691724051407,2023-08-10T20:20:51.407(UTC-07:00),0.864,9305754,10760202
1691724051444,2023-08-10T20:20:51.444(UTC-07:00),0.864,9301741,10753584
1691724051475,2023-08-10T20:20:51.475(UTC-07:00),0.864,9306341,10749474
1691724051543,2023-08-10T20:20:51.543(UTC-07:00),0.864,9277019,10720861
1691724051579,2023-08-10T20:20:51.579(UTC-07:00),0.864,9281558,10726350
1691724051610,2023-08-10T20:20:51.610(UTC-07:00),0.864,9300012,10755088
1691724051677,2023-08-10T20:20:51.677(UTC-07:00),0.864,9297990,10737819
1691724051714,2023-08-10T20:20:51.714(UTC-07:00),0.864,9280915,10733620
1691724051745,2023-08-10T20:20:51.745(UTC-07:00),0.864,9302828,10743513
1691724051819,2023-08-10T20:20:51.819(UTC-07:00),0.864,9288226,10738967
1691724051856,2023-08-10T20:20:51.856(UTC-07:00),0.864,9316281,10759649
1691724051887,2023-08-10T20:20:51.887(UTC-07:00),0.864,9282374,10738160
1691724051955,2023-08-10T20:20:51.955(UTC-07:00),0.864,9285687,10752992
1691724051992,2023-08-10T20:20:51.992(UTC-07:00),0.864,9284292,10754426
1691724052022,2023-08-10T20:20:52.022(UTC-07:00),0.864,9287979,10770035
1691724052090,2023-08-10T20:20:52.090(UTC-07:00),0.864,9309541,10789142
1691724052134,2023-08-10T20:20:52.134(UTC-07:00),0.864,9351806,10812540
1691724052165,2023-08-10T20:20:52.165(UTC-07:00),0.864,9376324,10819768
1691724052232,2023-08-10T20:20:52.232(UTC-07:00),0.864,9432326,10866522
1691724052269,2023-08-10T20:20:52.269(UTC-07:00),0.864,9398623,10818912
1691724052300,2023-08-10T20:20:52.300(UTC-07:00),0.864,9440215,10847419
1691724052367,2023-08-10T20:20:52.367(UTC-07:00),0.865,9425650,10848569
1691724052404,2023-08-10T20:20:52.404(UTC-07:00),0.865,9412665,10848554
1691724052435,2023-08-10T20:20:52.435(UTC-07:00),0.865,9414720,10849205
1691724052510,2023-08-10T20:20:52.510(UTC-07:00),0.865,9378355,10805126
1691724052546,2023-08-10T20:20:52.546(UTC-07:00),0.865,9402189,10823951
1691724052577,2023-08-10T20:20:52.577(UTC-07:00),0.865,9394061,10821712
1691724052645,2023-08-10T20:20:52.645(UTC-07:00),0.865,9367763,10805772
1691724052682,2023-08-10T20:20:52.682(UTC-07:00),0.865,9380095,10815446
1691724052712,2023-08-10T20:20:52.712(UTC-07:00),0.865,9347908,10811399
1691724052780,2023-08-10T20:20:52.780(UTC-07:00),0.865,9334351,10788646
1691724052817,2023-08-10T20:20:52.817(UTC-07:00),0.865,9345043,10795902
1691724052847,2023-08-10T20:20:52.847(UTC-07:00),0.865,9329743,10794863
1691724052915,2023-08-10T20:20:52.915(UTC-07:00),0.865,9322941,10787633
1691724052951,2023-08-10T20:20:52.951(UTC-07:00),0.865,9375510,10824739
1691724052989,2023-08-10T20:20:52.989(UTC-07:00),0.866,9408654,10838970
1691724053057,2023-08-10T20:20:53.057(UTC-07:00),0.866,9414327,10838085
1691724053094,2023-08-10T20:20:53.094(UTC-07:00),0.866,9442184,10853288
1691724053125,2023-08-10T20:20:53.125(UTC-07:00),0.866,9417133,10819319
1691724053200,2023-08-10T20:20:53.200(UTC-07:00),0.866,9424896,10820648
1691724053236,2023-08-10T20:20:53.236(UTC-07:00),0.866,9384849,10788171
1691724053275,2023-08-10T20:20:53.275(UTC-07:00),0.867,9416584,10823167
1691724053349,2023-08-10T20:20:53.349(UTC-07:00),0.867,9414028,10821484
1691724053380,2023-08-10T20:20:53.380(UTC-07:00),0.867,9432063,10832039
1691724053417,2023-08-10T20:20:53.417(UTC-07:00),0.867,9402482,10803149
1691724053485,2023-08-10T20:20:53.485(UTC-07:00),0.867,9360728,10763420
1691724053522,2023-08-10T20:20:53.522(UTC-07:00),0.867,9396369,10819381
1691724053552,2023-08-10T20:20:53.552(UTC-07:00),0.867,9385818,10809606
1691724053619,2023-08-10T20:20:53.619(UTC-07:00),0.867,9373381,10802623
1691724053650,2023-08-10T20:20:53.650(UTC-07:00),0.867,9357014,10781642
1691724053686,2023-08-10T20:20:53.686(UTC-07:00),0.867,9367398,10790314
1691724053754,2023-08-10T20:20:53.754(UTC-07:00),0.867,9350104,10792569
1691724053784,2023-08-10T20:20:53.784(UTC-07:00),0.868,9355142,10804346
1691724053821,2023-08-10T20:20:53.821(UTC-07:00),0.868,9388791,10831042
1691724053889,2023-08-10T20:20:53.889(UTC-07:00),0.868,9420644,10841566
1691724053934,2023-08-10T20:20:53.934(UTC-07:00),0.868,9465342,10860359
1691724053965,2023-08-10T20:20:53.965(UTC-07:00),0.868,9473116,10863636
1691724054039,2023-08-10T20:20:54.039(UTC-07:00),0.868,9491854,10875522
1691724054077,2023-08-10T20:20:54.077(UTC-07:00),0.868,9489620,10858711
1691724054130,2023-08-10T20:20:54.130(UTC-07:00),0.869,9438680,10807556
1691724054226,2023-08-10T20:20:54.226(UTC-07:00),0.869,9454196,10827339
1691724054264,2023-08-10T20:20:54.264(UTC-07:00),0.869,9421183,10800869
1691724054302,2023-08-10T20:20:54.302(UTC-07:00),0.869,9427764,10800442
1691724054406,2023-08-10T20:20:54.406(UTC-07:00),0.869,9447031,10831878
1691724054452,2023-08-10T20:20:54.452(UTC-07:00),0.869,9438826,10825056
1691724054496,2023-08-10T20:20:54.496(UTC-07:00),0.869,9415419,10807746
1691724054595,2023-08-10T20:20:54.595(UTC-07:00),0.869,9390414,10788015
1691724054647,2023-08-10T20:20:54.647(UTC-07:00),0.869,9395643,10794337
1691724054685,2023-08-10T20:20:54.685(UTC-07:00),0.869,9392506,10791449
1691724054767,2023-08-10T20:20:54.767(UTC-07:00),0.870,9373382,10776562
1691724054811,2023-08-10T20:20:54.811(UTC-07:00),0.870,9370047,10779569
1691724054879,2023-08-10T20:20:54.879(UTC-07:00),0.870,9356544,10768196
1691724054984,2023-08-10T20:20:54.984(UTC-07:00),0.870,9357599,10779768
1691724055015,2023-08-10T20:20:55.015(UTC-07:00),0.870,9356682,10793688
1691724055067,2023-08-10T20:20:55.067(UTC-07:00),0.870,9406064,10814128
1691724055194,2023-08-10T20:20:55.194(UTC-07:00),0.870,9454046,10859704
1691724055269,2023-08-10T20:20:55.269(UTC-07:00),0.870,9482395,10859817
1691724055308,2023-08-10T20:20:55.308(UTC-07:00),0.870,9479463,10838046
1691724055412,2023-08-10T20:20:55.412(UTC-07:00),0.870,9495698,10852459
1691724055464,2023-08-10T20:20:55.464(UTC-07:00),0.870,9465331,10825594
1691724055516,2023-08-10T20:20:55.516(UTC-07:00),0.871,9470954,10834240
1691724055630,2023-08-10T20:20:55.630(UTC-07:00),0.871,9433628,10778560
1691724055674,2023-08-10T20:20:55.674(UTC-07:00),0.871,9451314,10828240
1691724055756,2023-08-10T20:20:55.756(UTC-07:00),0.871,9453726,10819928
1691724055831,2023-08-10T20:20:55.831(UTC-07:00),0.871,9435739,10812377
1691724055870,2023-08-10T20:20:55.870(UTC-07:00),0.871,9416499,10793736
1691724055921,2023-08-10T20:20:55.921(UTC-07:00),0.871,9398540,10802993
1691724056005,2023-08-10T20:20:56.005(UTC-07:00),0.871,9386719,10778095
1691724056064,2023-08-10T20:20:56.064(UTC-07:00),0.871,9381631,10819663
1691724056103,2023-08-10T20:20:56.103(UTC-07:00),0.871,9414248,10826873
1691724056186,2023-08-10T20:20:56.186(UTC-07:00),0.871,9474536,10821213
1691724056237,2023-08-10T20:20:56.237(UTC-07:00),0.871,9472525,10827056
1691724056282,2023-08-10T20:20:56.282(UTC-07:00),0.872,9474905,10809943
1691724056379,2023-08-10T20:20:56.379(UTC-07:00),0.872,9443124,10783134
1691724056462,2023-08-10T20:20:56.462(UTC-07:00),0.872,9450408,10807382
1691724056507,2023-08-10T20:20:56.507(UTC-07:00),0.872,9434624,10796686
1691724056596,2023-08-10T20:20:56.596(UTC-07:00),0.872,9450977,10818785
1691724056642,2023-08-10T20:20:56.642(UTC-07:00),0.872,9433890,10806973
1691724056679,2023-08-10T20:20:56.679(UTC-07:00),0.872,9410336,10785499
1691724056784,2023-08-10T20:20:56.784(UTC-07:00),0.872,9393239,10774205
1691724056821,2023-08-10T20:20:56.821(UTC-07:00),0.872,9408639,10782759
1691724056852,2023-08-10T20:20:56.852(UTC-07:00),0.872,9386638,10777766
1691724056942,2023-08-10T20:20:56.942(UTC-07:00),0.872,9406703,10794017
1691724056979,2023-08-10T20:20:56.979(UTC-07:00),0.872,9382186,10812304
1691724057017,2023-08-10T20:20:57.017(UTC-07:00),0.872,9446398,10841711
1691724057092,2023-08-10T20:20:57.092(UTC-07:00),0.872,9484669,10832515
1691724057129,2023-08-10T20:20:57.129(UTC-07:00),0.872,9468883,10814579
1691724057160,2023-08-10T20:20:57.160(UTC-07:00),0.872,9482711,10802612
1691724057227,2023-08-10T20:20:57.227(UTC-07:00),0.873,9451993,10774641
1691724057264,2023-08-10T20:20:57.264(UTC-07:00),0.873,9420368,10739959
1691724057295,2023-08-10T20:20:57.295(UTC-07:00),0.873,9416178,10733590
1691724057370,2023-08-10T20:20:57.370(UTC-07:00),0.873,9402582,10733401
1691724057407,2023-08-10T20:20:57.407(UTC-07:00),0.873,9414235,10751161
1691724057444,2023-08-10T20:20:57.444(UTC-07:00),0.873,9392074,10729406
1691724057505,2023-08-10T20:20:57.505(UTC-07:00),0.874,9392043,10738627
1691724057549,2023-08-10T20:20:57.549(UTC-07:00),0.874,9372720,10738000
1691724057579,2023-08-10T20:20:57.579(UTC-07:00),0.874,9363097,10718863
1691724057646,2023-08-10T20:20:57.646(UTC-07:00),0.874,9348275,10711383
1691724057685,2023-08-10T20:20:57.685(UTC-07:00),0.874,9345166,10726372
1691724057721,2023-08-10T20:20:57.721(UTC-07:00),0.873,9347497,10725567
1691724057789,2023-08-10T20:20:57.789(UTC-07:00),0.873,9320551,10713613
1691724057820,2023-08-10T20:20:57.820(UTC-07:00),0.873,9360455,10745751
1691724057856,2023-08-10T20:20:57.856(UTC-07:00),0.873,9394843,10749531
1691724057925,2023-08-10T20:20:57.925(UTC-07:00),0.873,9434524,10774028
1691724057961,2023-08-10T20:20:57.961(UTC-07:00),0.873,9412808,10753938
1691724057992,2023-08-10T20:20:57.992(UTC-07:00),0.873,9423023,10753739
1691724058060,2023-08-10T20:20:58.060(UTC-07:00),0.874,9417004,10759624
1691724058096,2023-08-10T20:20:58.096(UTC-07:00),0.874,9412936,10757884
1691724058127,2023-08-10T20:20:58.127(UTC-07:00),0.874,9440826,10778542
1691724058195,2023-08-10T20:20:58.195(UTC-07:00),0.874,9413568,10774618
1691724058231,2023-08-10T20:20:58.231(UTC-07:00),0.874,9433158,10782250
1691724058262,2023-08-10T20:20:58.262(UTC-07:00),0.874,9407891,10768142
1691724058337,2023-08-10T20:20:58.337(UTC-07:00),0.874,9415046,10772605
1691724058374,2023-08-10T20:20:58.374(UTC-07:00),0.874,9402312,10787543
1691724058405,2023-08-10T20:20:58.405(UTC-07:00),0.874,9418283,10789951
1691724058472,2023-08-10T20:20:58.472(UTC-07:00),0.874,9377378,10768034
1691724058509,2023-08-10T20:20:58.509(UTC-07:00),0.874,9385910,10765157
1691724058547,2023-08-10T20:20:58.547(UTC-07:00),0.874,9387367,10774872
1691724058622,2023-08-10T20:20:58.622(UTC-07:00),0.874,9374679,10775866
1691724058652,2023-08-10T20:20:58.652(UTC-07:00),0.874,9365024,10768753
1691724058689,2023-08-10T20:20:58.689(UTC-07:00),0.874,9400948,10771592
1691724058757,2023-08-10T20:20:58.757(UTC-07:00),0.874,9438222,10807848
1691724058787,2023-08-10T20:20:58.787(UTC-07:00),0.874,9442433,10786538
1691724058824,2023-08-10T20:20:58.824(UTC-07:00),0.874,9465434,10804574
1691724058892,2023-08-10T20:20:58.892(UTC-07:00),0.874,9461135,10789329
1691724058922,2023-08-10T20:20:58.922(UTC-07:00),0.874,9431912,10786902
1691724058959,2023-08-10T20:20:58.959(UTC-07:00),0.874,9421979,10778775
1691724059026,2023-08-10T20:20:59.026(UTC-07:00),0.874,9430181,10783058
1691724059065,2023-08-10T20:20:59.065(UTC-07:00),0.874,9427470,10787097
1691724059102,2023-08-10T20:20:59.102(UTC-07:00),0.874,9426064,10774393
1691724059169,2023-08-10T20:20:59.169(UTC-07:00),0.874,9425899,10793585
1691724059200,2023-08-10T20:20:59.200(UTC-07:00),0.874,9404020,10778607
1691724059237,2023-08-10T20:20:59.237(UTC-07:00),0.873,9411318,10789134
1691724059305,2023-08-10T20:20:59.305(UTC-07:00),0.873,9399314,10783602
1691724059335,2023-08-10T20:20:59.335(UTC-07:00),0.873,9392697,10775126
1691724059372,2023-08-10T20:20:59.372(UTC-07:00),0.873,9407048,10788701
1691724059439,2023-08-10T20:20:59.439(UTC-07:00),0.873,9370006,10766542
1691724059470,2023-08-10T20:20:59.470(UTC-07:00),0.873,9381936,10787231
1691724059506,2023-08-10T20:20:59.506(UTC-07:00),0.873,9424748,10785947
1691724059581,2023-08-10T20:20:59.581(UTC-07:00),0.873,9451298,10811016
1691724059612,2023-08-10T20:20:59.612(UTC-07:00),0.873,9474927,10824865
1691724059649,2023-08-10T20:20:59.649(UTC-07:00),0.874,9461083,10791855
1691724059724,2023-08-10T20:20:59.724(UTC-07:00),0.874,9459393,10795725
1691724059755,2023-08-10T20:20:59.755(UTC-07:00),0.874,9459999,10806118
1691724059792,2023-08-10T20:20:59.792(UTC-07:00),0.874,9465247,10803294
1691724059859,2023-08-10T20:20:59.859(UTC-07:00),0.874,9442836,10787553
1691724059890,2023-08-10T20:20:59.890(UTC-07:00),0.874,9471443,10809010
1691724059926,2023-08-10T20:20:59.926(UTC-07:00),0.874,9434454,10786560
1691724059994,2023-08-10T20:20:59.994(UTC-07:00),0.874,9424147,10773508
1691724060025,2023-08-10T20:21:00.025(UTC-07:00),0.874,9412070,10774740
1691724060061,2023-08-10T20:21:00.061(UTC-07:00),0.874,9421978,10772720
1691724060129,2023-08-10T20:21:00.129(UTC-07:00),0.874,9376060,10748384
1691724060160,2023-08-10T20:21:00.160(UTC-07:00),0.873,9380949,10747526
1691724060197,2023-08-10T20:21:00.197(UTC-07:00),0.874,9368593,10741894
1691724060272,2023-08-10T20:21:00.272(UTC-07:00),0.873,9387049,10780535
1691724060302,2023-08-10T20:21:00.302(UTC-07:00),0.873,9378920,10771466
1691724060339,2023-08-10T20:21:00.339(UTC-07:00),0.873,9434509,10799321
1691724060407,2023-08-10T20:21:00.407(UTC-07:00),0.874,9466792,10823630
1691724060437,2023-08-10T20:21:00.437(UTC-07:00),0.874,9493596,10837337
1691724060482,2023-08-10T20:21:00.482(UTC-07:00),0.874,9503804,10822620
1691724060549,2023-08-10T20:21:00.549(UTC-07:00),0.874,9512317,10832782
1691724060580,2023-08-10T20:21:00.580(UTC-07:00),0.874,9476902,10804460
1691724060616,2023-08-10T20:21:00.616(UTC-07:00),0.874,9481495,10813844
1691724060684,2023-08-10T20:21:00.684(UTC-07:00),0.874,9467342,10814445
1691724060715,2023-08-10T20:21:00.715(UTC-07:00),0.874,9485471,10819408
1691724060751,2023-08-10T20:21:00.751(UTC-07:00),0.874,9494410,10822664
1691724060819,2023-08-10T20:21:00.819(UTC-07:00),0.874,9470929,10822452
1691724060858,2023-08-10T20:21:00.858(UTC-07:00),0.874,9471506,10814191
1691724060894,2023-08-10T20:21:00.894(UTC-07:00),0.874,9431299,10776003
1691724060961,2023-08-10T20:21:00.961(UTC-07:00),0.874,9425116,10784687
1691724060992,2023-08-10T20:21:00.992(UTC-07:00),0.874,9423406,10786408
1691724061030,2023-08-10T20:21:01.030(UTC-07:00),0.874,9428795,10809531
1691724061097,2023-08-10T20:21:01.097(UTC-07:00),0.874,9441691,10807187
1691724061135,2023-08-10T20:21:01.135(UTC-07:00),0.874,9427908,10813178
1691724061172,2023-08-10T20:21:01.172(UTC-07:00),0.874,9388312,10784333
1691724061240,2023-08-10T20:21:01.240(UTC-07:00),0.874,9444418,10825799
1691724061277,2023-08-10T20:21:01.277(UTC-07:00),0.874,9468883,10835370
1691724061307,2023-08-10T20:21:01.307(UTC-07:00),0.875,9499019,10841102
1691724061382,2023-08-10T20:21:01.382(UTC-07:00),0.875,9507786,10842338
1691724061419,2023-08-10T20:21:01.419(UTC-07:00),0.875,9519313,10843107
1691724061450,2023-08-10T20:21:01.450(UTC-07:00),0.875,9511904,10851689
1691724061517,2023-08-10T20:21:01.517(UTC-07:00),0.875,9482967,10826893
1691724061554,2023-08-10T20:21:01.554(UTC-07:00),0.875,9510981,10842589
1691724061585,2023-08-10T20:21:01.585(UTC-07:00),0.875,9497741,10839941
1691724061652,2023-08-10T20:21:01.652(UTC-07:00),0.875,9482853,10828942
1691724061689,2023-08-10T20:21:01.689(UTC-07:00),0.875,9466870,10812621
1691724061720,2023-08-10T20:21:01.720(UTC-07:00),0.875,9454968,10814017
1691724061795,2023-08-10T20:21:01.795(UTC-07:00),0.875,9440615,10794410
1691724061832,2023-08-10T20:21:01.832(UTC-07:00),0.875,9439210,10802419
1691724061862,2023-08-10T20:21:01.862(UTC-07:00),0.875,9448541,10823654
1691724061937,2023-08-10T20:21:01.937(UTC-07:00),0.875,9425220,10813141
1691724061974,2023-08-10T20:21:01.974(UTC-07:00),0.875,9440978,10810129
1691724062012,2023-08-10T20:21:02.012(UTC-07:00),0.875,9410489,10799252
1691724062080,2023-08-10T20:21:02.080(UTC-07:00),0.875,9411506,10815566
1691724062116,2023-08-10T20:21:02.116(UTC-07:00),0.875,9410161,10812127
1691724062147,2023-08-10T20:21:02.147(UTC-07:00),0.875,9393190,10812551
1691724062222,2023-08-10T20:21:02.222(UTC-07:00),0.874,9454543,10852980
1691724062266,2023-08-10T20:21:02.266(UTC-07:00),0.874,9507643,10881044
1691724062297,2023-08-10T20:21:02.297(UTC-07:00),0.874,9545416,10905578
1691724062372,2023-08-10T20:21:02.372(UTC-07:00),0.874,9540907,10890353
1691724062424,2023-08-10T20:21:02.424(UTC-07:00),0.874,9564144,10902257
1691724062455,2023-08-10T20:21:02.455(UTC-07:00),0.874,9534786,10890824
1691724062522,2023-08-10T20:21:02.522(UTC-07:00),0.874,9532994,10887900
1691724062559,2023-08-10T20:21:02.559(UTC-07:00),0.874,9538175,10887909
1691724062604,2023-08-10T20:21:02.604(UTC-07:00),0.874,9528144,10876092
1691724062671,2023-08-10T20:21:02.671(UTC-07:00),0.874,9532483,10888612
1691724062710,2023-08-10T20:21:02.710(UTC-07:00),0.874,9526300,10908901
1691724062762,2023-08-10T20:21:02.762(UTC-07:00),0.874,9522768,10896733
1691724062837,2023-08-10T20:21:02.837(UTC-07:00),0.874,9514295,10892787
1691724062867,2023-08-10T20:21:02.867(UTC-07:00),0.874,9475016,10863642
1691724062905,2023-08-10T20:21:02.905(UTC-07:00),0.874,9512508,10900875
1691724062986,2023-08-10T20:21:02.986(UTC-07:00),0.874,9473917,10862918
1691724063032,2023-08-10T20:21:03.032(UTC-07:00),0.874,9456038,10857891
1691724063093,2023-08-10T20:21:03.093(UTC-07:00),0.874,9419920,10815377
1691724063189,2023-08-10T20:21:03.189(UTC-07:00),0.874,9412516,10823939
1691724063234,2023-08-10T20:21:03.234(UTC-07:00),0.874,9402429,10815369
1691724063272,2023-08-10T20:21:03.272(UTC-07:00),0.874,9455809,10870006
1691724063347,2023-08-10T20:21:03.347(UTC-07:00),0.874,9523333,10897921
1691724063392,2023-08-10T20:21:03.392(UTC-07:00),0.874,9516205,10871701
1691724063422,2023-08-10T20:21:03.422(UTC-07:00),0.874,9537502,10892029
1691724063559,2023-08-10T20:21:03.559(UTC-07:00),0.874,9541955,10888454
1691724063618,2023-08-10T20:21:03.618(UTC-07:00),0.874,9517277,10868843
1691724063670,2023-08-10T20:21:03.670(UTC-07:00),0.874,9507852,10862087
1691724063760,2023-08-10T20:21:03.760(UTC-07:00),0.874,9510232,10864890
1691724063834,2023-08-10T20:21:03.834(UTC-07:00),0.873,9497894,10853480
1691724063909,2023-08-10T20:21:03.909(UTC-07:00),0.873,9491333,10847965
1691724064015,2023-08-10T20:21:04.015(UTC-07:00),0.873,9500611,10863724
1691724064105,2023-08-10T20:21:04.105(UTC-07:00),0.874,9490112,10843183
1691724064150,2023-08-10T20:21:04.150(UTC-07:00),0.873,9483816,10856631
1691724064270,2023-08-10T20:21:04.270(UTC-07:00),0.873,9429512,10821852
1691724064314,2023-08-10T20:21:04.314(UTC-07:00),0.873,9453987,10843717
1691724064352,2023-08-10T20:21:04.352(UTC-07:00),0.873,9425967,10823666
1691724064487,2023-08-10T20:21:04.487(UTC-07:00),0.873,9439791,10839798
1691724064525,2023-08-10T20:21:04.525(UTC-07:00),0.873,9389155,10835117
1691724064592,2023-08-10T20:21:04.592(UTC-07:00),0.873,9478512,10871165
1691724064697,2023-08-10T20:21:04.697(UTC-07:00),0.873,9512240,10872432
1691724064734,2023-08-10T20:21:04.734(UTC-07:00),0.874,9520885,10894162
1691724064765,2023-08-10T20:21:04.765(UTC-07:00),0.874,9511792,10868181
1691724064839,2023-08-10T20:21:04.839(UTC-07:00),0.874,9491323,10828415
1691724064885,2023-08-10T20:21:04.885(UTC-07:00),0.874,9477697,10840940
1691724064929,2023-08-10T20:21:04.929(UTC-07:00),0.874,9496672,10861566
1691724065027,2023-08-10T20:21:05.027(UTC-07:00),0.873,9460181,10821836
1691724065072,2023-08-10T20:21:05.072(UTC-07:00),0.873,9411229,10793688
1691724065102,2023-08-10T20:21:05.102(UTC-07:00),0.873,9404520,10794830
1691724065192,2023-08-10T20:21:05.192(UTC-07:00),0.873,9378931,10770330
1691724065229,2023-08-10T20:21:05.229(UTC-07:00),0.873,9385122,10800893
1691724065274,2023-08-10T20:21:05.274(UTC-07:00),0.873,9405719,10804358
1691724065357,2023-08-10T20:21:05.357(UTC-07:00),0.873,9448902,10824006
1691724065394,2023-08-10T20:21:05.394(UTC-07:00),0.873,9479681,10852241
1691724065431,2023-08-10T20:21:05.431(UTC-07:00),0.873,9483102,10841197
1691724065492,2023-08-10T20:21:05.492(UTC-07:00),0.873,9474717,10829170
1691724065536,2023-08-10T20:21:05.536(UTC-07:00),0.873,9479268,10838837
1691724065575,2023-08-10T20:21:05.575(UTC-07:00),0.873,9473283,10822858
1691724065642,2023-08-10T20:21:05.642(UTC-07:00),0.873,9443982,10804773
1691724065679,2023-08-10T20:21:05.679(UTC-07:00),0.873,9441757,10803713
1691724065710,2023-08-10T20:21:05.710(UTC-07:00),0.873,9430034,10804747
1691724065777,2023-08-10T20:21:05.777(UTC-07:00),0.874,9414985,10788798
1691724065815,2023-08-10T20:21:05.815(UTC-07:00),0.873,9438994,10821967
1691724065845,2023-08-10T20:21:05.845(UTC-07:00),0.873,9458005,10827662
1691724065920,2023-08-10T20:21:05.920(UTC-07:00),0.873,9432321,10801555
1691724065957,2023-08-10T20:21:05.957(UTC-07:00),0.873,9425877,10809823
1691724065987,2023-08-10T20:21:05.987(UTC-07:00),0.873,9394738,10790021
1691724066061,2023-08-10T20:21:06.061(UTC-07:00),0.873,9413896,10811178
1691724066092,2023-08-10T20:21:06.092(UTC-07:00),0.873,9459593,10833800
1691724066129,2023-08-10T20:21:06.129(UTC-07:00),0.873,9485464,10838975
1691724066196,2023-08-10T20:21:06.196(UTC-07:00),0.873,9500426,10855350
1691724066235,2023-08-10T20:21:06.235(UTC-07:00),0.873,9518742,10852697
1691724066272,2023-08-10T20:21:06.272(UTC-07:00),0.873,9503951,10833628
1691724066339,2023-08-10T20:21:06.339(UTC-07:00),0.873,9488890,10831243
1691724066370,2023-08-10T20:21:06.370(UTC-07:00),0.873,9489902,10828682
1691724066407,2023-08-10T20:21:06.407(UTC-07:00),0.873,9542314,10883098
1691724066474,2023-08-10T20:21:06.474(UTC-07:00),0.874,9482350,10828974
1691724066505,2023-08-10T20:21:06.505(UTC-07:00),0.874,9501056,10852596
1691724066542,2023-08-10T20:21:06.542(UTC-07:00),0.874,9494867,10847897
1691724066610,2023-08-10T20:21:06.610(UTC-07:00),0.874,9489891,10843498
1691724066646,2023-08-10T20:21:06.646(UTC-07:00),0.874,9478960,10835731
1691724066677,2023-08-10T20:21:06.677(UTC-07:00),0.874,9475190,10841949
1691724066745,2023-08-10T20:21:06.745(UTC-07:00),0.874,9451162,10830884
1691724066782,2023-08-10T20:21:06.782(UTC-07:00),0.874,9473771,10847226
1691724066819,2023-08-10T20:21:06.819(UTC-07:00),0.874,9441560,10835884
1691724066880,2023-08-10T20:21:06.880(UTC-07:00),0.874,9483809,10848088
1691724066917,2023-08-10T20:21:06.917(UTC-07:00),0.874,9511715,10859243
1691724066947,2023-08-10T20:21:06.947(UTC-07:00),0.874,9534229,10861970
1691724067015,2023-08-10T20:21:07.015(UTC-07:00),0.874,9553226,10871866
1691724067059,2023-08-10T20:21:07.059(UTC-07:00),0.874,9539900,10852489
1691724067090,2023-08-10T20:21:07.090(UTC-07:00),0.874,9557645,10894471
1691724067165,2023-08-10T20:21:07.165(UTC-07:00),0.875,9507344,10856170
1691724067202,2023-08-10T20:21:07.202(UTC-07:00),0.875,9518954,10853110
1691724067232,2023-08-10T20:21:07.232(UTC-07:00),0.875,9527546,10870117
1691724067300,2023-08-10T20:21:07.300(UTC-07:00),0.875,9482301,10828665
1691724067336,2023-08-10T20:21:07.336(UTC-07:00),0.875,9495457,10850470
1691724067367,2023-08-10T20:21:07.367(UTC-07:00),0.875,9455093,10816208
1691724067435,2023-08-10T20:21:07.435(UTC-07:00),0.875,9438464,10797434
1691724067479,2023-08-10T20:21:07.479(UTC-07:00),0.875,9469033,10816479
1691724067510,2023-08-10T20:21:07.510(UTC-07:00),0.875,9462357,10817963
1691724067577,2023-08-10T20:21:07.577(UTC-07:00),0.875,9412970,10783377
1691724067614,2023-08-10T20:21:07.614(UTC-07:00),0.875,9424437,10809657
1691724067645,2023-08-10T20:21:07.645(UTC-07:00),0.875,9442820,10813732
1691724067720,2023-08-10T20:21:07.720(UTC-07:00),0.875,9492392,10837872
1691724067757,2023-08-10T20:21:07.757(UTC-07:00),0.875,9494895,10814027
1691724067788,2023-08-10T20:21:07.788(UTC-07:00),0.875,9484259,10799079
1691724067855,2023-08-10T20:21:07.855(UTC-07:00),0.875,9484876,10789708
1691724067899,2023-08-10T20:21:07.899(UTC-07:00),0.876,9501157,10805918
1691724067930,2023-08-10T20:21:07.930(UTC-07:00),0.876,9472647,10789327
1691724067997,2023-08-10T20:21:07.997(UTC-07:00),0.876,9450836,10764398
1691724068035,2023-08-10T20:21:08.035(UTC-07:00),0.876,9487071,10799965
1691724068065,2023-08-10T20:21:08.065(UTC-07:00),0.876,9444289,10762752
1691724068140,2023-08-10T20:21:08.140(UTC-07:00),0.876,9438825,10755273
1691724068176,2023-08-10T20:21:08.176(UTC-07:00),0.876,9445882,10779527
1691724068207,2023-08-10T20:21:08.207(UTC-07:00),0.876,9458961,10782711
1691724068282,2023-08-10T20:21:08.282(UTC-07:00),0.876,9404103,10745747
1691724068312,2023-08-10T20:21:08.312(UTC-07:00),0.876,9412051,10738124
1691724068349,2023-08-10T20:21:08.349(UTC-07:00),0.876,9397650,10736454
1691724068417,2023-08-10T20:21:08.417(UTC-07:00),0.876,9403995,10753850
1691724068447,2023-08-10T20:21:08.447(UTC-07:00),0.876,9395664,10752501
1691724068484,2023-08-10T20:21:08.484(UTC-07:00),0.876,9398641,10762348
1691724068552,2023-08-10T20:21:08.552(UTC-07:00),0.876,9441231,10763970
1691724068583,2023-08-10T20:21:08.583(UTC-07:00),0.876,9482659,10800106
1691724068626,2023-08-10T20:21:08.626(UTC-07:00),0.876,9491580,10792582
1691724068694,2023-08-10T20:21:08.694(UTC-07:00),0.876,9497717,10800512
1691724068726,2023-08-10T20:21:08.726(UTC-07:00),0.877,9495939,10798790
1691724068762,2023-08-10T20:21:08.762(UTC-07:00),0.877,9497817,10805119
1691724068829,2023-08-10T20:21:08.829(UTC-07:00),0.877,9517895,10825993
1691724068860,2023-08-10T20:21:08.860(UTC-07:00),0.877,9510243,10825478
1691724068896,2023-08-10T20:21:08.896(UTC-07:00),0.877,9497257,10812646
1691724068972,2023-08-10T20:21:08.972(UTC-07:00),0.877,9519473,10838259
1691724069002,2023-08-10T20:21:09.002(UTC-07:00),0.877,9478230,10803545
1691724069047,2023-08-10T20:21:09.047(UTC-07:00),0.877,9487597,10815495
1691724069114,2023-08-10T20:21:09.114(UTC-07:00),0.877,9478153,10826519
1691724069145,2023-08-10T20:21:09.145(UTC-07:00),0.877,9476407,10815498
1691724069182,2023-08-10T20:21:09.182(UTC-07:00),0.877,9470328,10821291
1691724069257,2023-08-10T20:21:09.257(UTC-07:00),0.877,9449961,10806269
1691724069287,2023-08-10T20:21:09.287(UTC-07:00),0.877,9424698,10786291
1691724069324,2023-08-10T20:21:09.324(UTC-07:00),0.877,9428049,10807697
1691724069399,2023-08-10T20:21:09.399(UTC-07:00),0.877,9436319,10780108
1691724069430,2023-08-10T20:21:09.430(UTC-07:00),0.877,9427203,10803689
1691724069467,2023-08-10T20:21:09.467(UTC-07:00),0.877,9468585,10842819
1691724069534,2023-08-10T20:21:09.534(UTC-07:00),0.877,9503882,10847503
1691724069565,2023-08-10T20:21:09.565(UTC-07:00),0.877,9517138,10850930
1691724069601,2023-08-10T20:21:09.601(UTC-07:00),0.877,9546677,10861939
1691724069677,2023-08-10T20:21:09.677(UTC-07:00),0.877,9541773,10866698
1691724069707,2023-08-10T20:21:09.707(UTC-07:00),0.877,9537572,10866989
1691724069744,2023-08-10T20:21:09.744(UTC-07:00),0.877,9521996,10851604
1691724069812,2023-08-10T20:21:09.812(UTC-07:00),0.877,9521645,10862810
1691724069842,2023-08-10T20:21:09.842(UTC-07:00),0.877,9505955,10861124
1691724069879,2023-08-10T20:21:09.879(UTC-07:00),0.877,9572551,10924116
1691724069947,2023-08-10T20:21:09.947(UTC-07:00),0.876,9515844,10875315
1691724069977,2023-08-10T20:21:09.977(UTC-07:00),0.876,9517095,10880028
1691724070014,2023-08-10T20:21:10.014(UTC-07:00),0.876,9500026,10865672
1691724070089,2023-08-10T20:21:10.089(UTC-07:00),0.876,9466261,10844857
1691724070120,2023-08-10T20:21:10.120(UTC-07:00),0.876,9495649,10852614
1691724070157,2023-08-10T20:21:10.157(UTC-07:00),0.876,9482644,10867076
1691724070224,2023-08-10T20:21:10.224(UTC-07:00),0.876,9501320,10875848
1691724070255,2023-08-10T20:21:10.255(UTC-07:00),0.876,9448546,10834232
1691724070299,2023-08-10T20:21:10.299(UTC-07:00),0.876,9435048,10826608
1691724070367,2023-08-10T20:21:10.367(UTC-07:00),0.876,9433694,10835549
1691724070404,2023-08-10T20:21:10.404(UTC-07:00),0.876,9444096,10842949
1691724070435,2023-08-10T20:21:10.435(UTC-07:00),0.876,9505915,10882694
1691724070502,2023-08-10T20:21:10.502(UTC-07:00),0.876,9521488,10867358
1691724070539,2023-08-10T20:21:10.539(UTC-07:00),0.875,9539462,10891208
1691724070570,2023-08-10T20:21:10.570(UTC-07:00),0.875,9521966,10861610
1691724070637,2023-08-10T20:21:10.637(UTC-07:00),0.875,9518005,10852933
1691724070674,2023-08-10T20:21:10.674(UTC-07:00),0.875,9533810,10861806
1691724070705,2023-08-10T20:21:10.705(UTC-07:00),0.875,9529137,10865006
1691724070780,2023-08-10T20:21:10.780(UTC-07:00),0.875,9550686,10887498
1691724070816,2023-08-10T20:21:10.816(UTC-07:00),0.875,9517236,10867381
1691724070847,2023-08-10T20:21:10.847(UTC-07:00),0.875,9504196,10860930
1691724070915,2023-08-10T20:21:10.915(UTC-07:00),0.875,9475381,10833768
1691724070952,2023-08-10T20:21:10.952(UTC-07:00),0.875,9481170,10839257
1691724070989,2023-08-10T20:21:10.989(UTC-07:00),0.875,9469369,10837770
1691724071064,2023-08-10T20:21:11.064(UTC-07:00),0.875,9458914,10836003
1691724071095,2023-08-10T20:21:11.095(UTC-07:00),0.875,9481840,10854194
1691724071132,2023-08-10T20:21:11.132(UTC-07:00),0.875,9435628,10813137
1691724071200,2023-08-10T20:21:11.200(UTC-07:00),0.875,9450592,10831280
1691724071244,2023-08-10T20:21:11.244(UTC-07:00),0.875,9440881,10812470
1691724071275,2023-08-10T20:21:11.275(UTC-07:00),0.875,9427135,10827266
1691724071342,2023-08-10T20:21:11.342(UTC-07:00),0.875,9461454,10841506
1691724071387,2023-08-10T20:21:11.387(UTC-07:00),0.875,9521390,10882402
1691724071417,2023-08-10T20:21:11.417(UTC-07:00),0.875,9532494,10886147
1691724071485,2023-08-10T20:21:11.485(UTC-07:00),0.875,9550235,10891529
1691724071522,2023-08-10T20:21:11.522(UTC-07:00),0.875,9560593,10886863
1691724071552,2023-08-10T20:21:11.552(UTC-07:00),0.875,9554155,10892052
1691724071620,2023-08-10T20:21:11.620(UTC-07:00),0.875,9534667,10880684
1691724071656,2023-08-10T20:21:11.656(UTC-07:00),0.875,9537299,10889530
1691724071687,2023-08-10T20:21:11.687(UTC-07:00),0.875,9532969,10882935
1691724071762,2023-08-10T20:21:11.762(UTC-07:00),0.875,9556750,10905800
1691724071807,2023-08-10T20:21:11.807(UTC-07:00),0.875,9519229,10882842
1691724071837,2023-08-10T20:21:11.837(UTC-07:00),0.875,9521733,10887249
1691724071912,2023-08-10T20:21:11.912(UTC-07:00),0.875,9509096,10885113
1691724071949,2023-08-10T20:21:11.949(UTC-07:00),0.875,9509375,10879464
1691724071980,2023-08-10T20:21:11.980(UTC-07:00),0.875,9491096,10872005
1691724072055,2023-08-10T20:21:12.055(UTC-07:00),0.875,9448410,10832453
1691724072092,2023-08-10T20:21:12.092(UTC-07:00),0.875,9463112,10846169
1691724072129,2023-08-10T20:21:12.129(UTC-07:00),0.874,9470653,10871618
1691724072204,2023-08-10T20:21:12.204(UTC-07:00),0.874,9464011,10865624
1691724072242,2023-08-10T20:21:12.242(UTC-07:00),0.874,9454569,10859493
1691724072279,2023-08-10T20:21:12.279(UTC-07:00),0.875,9531925,10908809
1691724072347,2023-08-10T20:21:12.347(UTC-07:00),0.875,9534008,10903697
1691724072384,2023-08-10T20:21:12.384(UTC-07:00),0.875,9548936,10907866
1691724072415,2023-08-10T20:21:12.415(UTC-07:00),0.875,9547345,10898964
1691724072490,2023-08-10T20:21:12.490(UTC-07:00),0.875,9560936,10908183
1691724072527,2023-08-10T20:21:12.527(UTC-07:00),0.875,9563434,10922177
1691724072557,2023-08-10T20:21:12.557(UTC-07:00),0.874,9554061,10915847
1691724072632,2023-08-10T20:21:12.632(UTC-07:00),0.874,9536709,10912737
1691724072669,2023-08-10T20:21:12.669(UTC-07:00),0.874,9512699,10884868
1691724072700,2023-08-10T20:21:12.700(UTC-07:00),0.874,9551305,10904901
1691724072775,2023-08-10T20:21:12.775(UTC-07:00),0.874,9502737,10875349
1691724072812,2023-08-10T20:21:12.812(UTC-07:00),0.874,9479203,10847094
1691724072850,2023-08-10T20:21:12.850(UTC-07:00),0.874,9461423,10846677
1691724072917,2023-08-10T20:21:12.917(UTC-07:00),0.874,9462781,10852183
1691724072954,2023-08-10T20:21:12.954(UTC-07:00),0.874,9452823,10851975
1691724072985,2023-08-10T20:21:12.985(UTC-07:00),0.874,9455913,10841052
1691724073052,2023-08-10T20:21:13.052(UTC-07:00),0.874,9445785,10842894
1691724073089,2023-08-10T20:21:13.089(UTC-07:00),0.874,9413581,10826066
1691724073120,2023-08-10T20:21:13.120(UTC-07:00),0.874,9447367,10849907
1691724073202,2023-08-10T20:21:13.202(UTC-07:00),0.874,9533865,10912901
1691724073247,2023-08-10T20:21:13.247(UTC-07:00),0.874,9535685,10899108
1691724073285,2023-08-10T20:21:13.285(UTC-07:00),0.874,9543926,10900497
1691724073367,2023-08-10T20:21:13.367(UTC-07:00),0.874,9558375,10923193
1691724073397,2023-08-10T20:21:13.397(UTC-07:00),0.874,9503179,10869766
1691724073435,2023-08-10T20:21:13.435(UTC-07:00),0.874,9516196,10876057
1691724073510,2023-08-10T20:21:13.510(UTC-07:00),0.874,9496755,10869986
1691724073547,2023-08-10T20:21:13.547(UTC-07:00),0.874,9518470,10880655
1691724073577,2023-08-10T20:21:13.577(UTC-07:00),0.874,9467800,10853559
1691724073645,2023-08-10T20:21:13.645(UTC-07:00),0.874,9490992,10860679
1691724073681,2023-08-10T20:21:13.681(UTC-07:00),0.874,9466451,10851103
1691724073713,2023-08-10T20:21:13.713(UTC-07:00),0.873,9463411,10843911
1691724073788,2023-08-10T20:21:13.788(UTC-07:00),0.873,9460934,10839737
1691724073824,2023-08-10T20:21:13.824(UTC-07:00),0.873,9444981,10830920
1691724073855,2023-08-10T20:21:13.855(UTC-07:00),0.873,9445037,10832585
1691724073922,2023-08-10T20:21:13.922(UTC-07:00),0.873,9419911,10825727
1691724073959,2023-08-10T20:21:13.959(UTC-07:00),0.873,9421364,10829510
1691724073997,2023-08-10T20:21:13.997(UTC-07:00),0.873,9452599,10854378
1691724074072,2023-08-10T20:21:14.072(UTC-07:00),0.873,9476194,10851787
1691724074110,2023-08-10T20:21:14.110(UTC-07:00),0.873,9488267,10862993
1691724074140,2023-08-10T20:21:14.140(UTC-07:00),0.873,9508890,10883081
1691724074207,2023-08-10T20:21:14.207(UTC-07:00),0.873,9499162,10867482
1691724074246,2023-08-10T20:21:14.246(UTC-07:00),0.873,9530426,10900924
1691724074275,2023-08-10T20:21:14.275(UTC-07:00),0.873,9522269,10893035
1691724074343,2023-08-10T20:21:14.343(UTC-07:00),0.873,9492089,10860028
1691724074387,2023-08-10T20:21:14.387(UTC-07:00),0.873,9498303,10873819
1691724074417,2023-08-10T20:21:14.417(UTC-07:00),0.873,9483508,10863928
1691724074485,2023-08-10T20:21:14.485(UTC-07:00),0.873,9519925,10888247
1691724074522,2023-08-10T20:21:14.522(UTC-07:00),0.873,9466565,10855645
1691724074552,2023-08-10T20:21:14.552(UTC-07:00),0.873,9470040,10856117
1691724074627,2023-08-10T20:21:14.627(UTC-07:00),0.873,9481354,10860707
1691724074664,2023-08-10T20:21:14.664(UTC-07:00),0.873,9451774,10839936
1691724074702,2023-08-10T20:21:14.702(UTC-07:00),0.873,9454848,10845927
1691724074770,2023-08-10T20:21:14.770(UTC-07:00),0.873,9455251,10856032
1691724074814,2023-08-10T20:21:14.814(UTC-07:00),0.873,9484465,10866290
1691724074845,2023-08-10T20:21:14.845(UTC-07:00),0.873,9497344,10886892
1691724074920,2023-08-10T20:21:14.920(UTC-07:00),0.873,9525600,10883303
1691724074957,2023-08-10T20:21:14.957(UTC-07:00),0.873,9528993,10880676
1691724074987,2023-08-10T20:21:14.987(UTC-07:00),0.873,9527088,10871499
1691724075055,2023-08-10T20:21:15.055(UTC-07:00),0.873,9506995,10859559
1691724075092,2023-08-10T20:21:15.092(UTC-07:00),0.873,9506009,10862776
1691724075123,2023-08-10T20:21:15.123(UTC-07:00),0.873,9489710,10856342
1691724075190,2023-08-10T20:21:15.190(UTC-07:00),0.873,9495513,10849789
1691724075234,2023-08-10T20:21:15.234(UTC-07:00),0.873,9517036,10876119
1691724075265,2023-08-10T20:21:15.265(UTC-07:00),0.873,9487455,10843962
1691724075332,2023-08-10T20:21:15.332(UTC-07:00),0.873,9499139,10868098
1691724075369,2023-08-10T20:21:15.369(UTC-07:00),0.873,9490482,10854778
1691724075400,2023-08-10T20:21:15.400(UTC-07:00),0.873,9457915,10837388
1691724075474,2023-08-10T20:21:15.474(UTC-07:00),0.873,9465362,10842105
1691724075505,2023-08-10T20:21:15.505(UTC-07:00),0.873,9442517,10818585
1691724075549,2023-08-10T20:21:15.549(UTC-07:00),0.873,9437565,10815627
1691724075617,2023-08-10T20:21:15.617(UTC-07:00),0.873,9505800,10872770
1691724075647,2023-08-10T20:21:15.647(UTC-07:00),0.873,9544033,10890202
1691724075685,2023-08-10T20:21:15.685(UTC-07:00),0.874,9555040,10893433
1691724075752,2023-08-10T20:21:15.752(UTC-07:00),0.874,9528228,10866997
1691724075782,2023-08-10T20:21:15.782(UTC-07:00),0.874,9545101,10878656
1691724075819,2023-08-10T20:21:15.819(UTC-07:00),0.874,9535714,10885906
1691724075895,2023-08-10T20:21:15.895(UTC-07:00),0.874,9534059,10885573
1691724075925,2023-08-10T20:21:15.925(UTC-07:00),0.874,9525927,10885242
1691724075961,2023-08-10T20:21:15.961(UTC-07:00),0.874,9528141,10882393
1691724076029,2023-08-10T20:21:16.029(UTC-07:00),0.874,9527297,10875230
1691724076060,2023-08-10T20:21:16.060(UTC-07:00),0.874,9497066,10853815
1691724076096,2023-08-10T20:21:16.096(UTC-07:00),0.874,9481225,10854480
1691724076164,2023-08-10T20:21:16.164(UTC-07:00),0.874,9494092,10847896
1691724076195,2023-08-10T20:21:16.195(UTC-07:00),0.874,9489161,10846132
1691724076232,2023-08-10T20:21:16.232(UTC-07:00),0.874,9462321,10828404
1691724076299,2023-08-10T20:21:16.299(UTC-07:00),0.874,9456844,10836521
1691724076330,2023-08-10T20:21:16.330(UTC-07:00),0.874,9450604,10833841
1691724076367,2023-08-10T20:21:16.367(UTC-07:00),0.874,9462655,10837243
1691724076434,2023-08-10T20:21:16.434(UTC-07:00),0.874,9544603,10887859
1691724076472,2023-08-10T20:21:16.472(UTC-07:00),0.874,9533406,10890313
1691724076510,2023-08-10T20:21:16.510(UTC-07:00),0.875,9527202,10867397
1691724076585,2023-08-10T20:21:16.585(UTC-07:00),0.875,9522628,10862554
1691724076615,2023-08-10T20:21:16.615(UTC-07:00),0.875,9528444,10872218
1691724076651,2023-08-10T20:21:16.651(UTC-07:00),0.875,9522699,10864604
1691724076719,2023-08-10T20:21:16.719(UTC-07:00),0.875,9510451,10863515
1691724076750,2023-08-10T20:21:16.750(UTC-07:00),0.875,9509012,10853549
1691724076787,2023-08-10T20:21:16.787(UTC-07:00),0.875,9485403,10824502
1691724076855,2023-08-10T20:21:16.855(UTC-07:00),0.875,9460460,10807582
1691724076892,2023-08-10T20:21:16.892(UTC-07:00),0.875,9445667,10805265
1691724076922,2023-08-10T20:21:16.922(UTC-07:00),0.875,9461917,10816446
1691724076997,2023-08-10T20:21:16.997(UTC-07:00),0.875,9432846,10796228
1691724077035,2023-08-10T20:21:17.035(UTC-07:00),0.875,9463155,10832332
1691724077065,2023-08-10T20:21:17.065(UTC-07:00),0.875,9436006,10810276
1691724077132,2023-08-10T20:21:17.132(UTC-07:00),0.875,9434401,10791203
1691724077169,2023-08-10T20:21:17.169(UTC-07:00),0.875,9424852,10794453
1691724077200,2023-08-10T20:21:17.200(UTC-07:00),0.875,9379690,10773443
1691724077275,2023-08-10T20:21:17.275(UTC-07:00),0.875,9450252,10834046
1691724077319,2023-08-10T20:21:17.319(UTC-07:00),0.875,9516549,10860477
1691724077350,2023-08-10T20:21:17.350(UTC-07:00),0.875,9513715,10861032
1691724077425,2023-08-10T20:21:17.425(UTC-07:00),0.875,9542778,10896406
1691724077462,2023-08-10T20:21:17.462(UTC-07:00),0.875,9526016,10869847
1691724077493,2023-08-10T20:21:17.493(UTC-07:00),0.875,9539830,10887741
1691724077560,2023-08-10T20:21:17.560(UTC-07:00),0.875,9526603,10880231
1691724077597,2023-08-10T20:21:17.597(UTC-07:00),0.875,9519487,10867447
1691724077627,2023-08-10T20:21:17.627(UTC-07:00),0.875,9561685,10920383
1691724077695,2023-08-10T20:21:17.695(UTC-07:00),0.875,9492993,10864833
1691724077732,2023-08-10T20:21:17.732(UTC-07:00),0.875,9508056,10868791
1691724077770,2023-08-10T20:21:17.770(UTC-07:00),0.875,9502604,10866260
1691724077837,2023-08-10T20:21:17.837(UTC-07:00),0.875,9491245,10853469
1691724077874,2023-08-10T20:21:17.874(UTC-07:00),0.875,9492460,10861786
1691724077905,2023-08-10T20:21:17.905(UTC-07:00),0.875,9478286,10851477
1691724077987,2023-08-10T20:21:17.987(UTC-07:00),0.875,9450587,10840336
1691724078017,2023-08-10T20:21:18.017(UTC-07:00),0.875,9453412,10836998
1691724078062,2023-08-10T20:21:18.062(UTC-07:00),0.875,9443804,10832177
1691724078130,2023-08-10T20:21:18.130(UTC-07:00),0.874,9405215,10805385
1691724078160,2023-08-10T20:21:18.160(UTC-07:00),0.874,9410425,10800530
1691724078196,2023-08-10T20:21:18.196(UTC-07:00),0.874,9475087,10859721
1691724078265,2023-08-10T20:21:18.265(UTC-07:00),0.874,9507737,10887822
1691724078302,2023-08-10T20:21:18.302(UTC-07:00),0.874,9552317,10917380
1691724078340,2023-08-10T20:21:18.340(UTC-07:00),0.874,9581115,10938530
1691724078422,2023-08-10T20:21:18.422(UTC-07:00),0.874,9606984,10955471
1691724078460,2023-08-10T20:21:18.460(UTC-07:00),0.874,9599065,10938524
1691724078497,2023-08-10T20:21:18.497(UTC-07:00),0.874,9591670,10944309
1691724078565,2023-08-10T20:21:18.565(UTC-07:00),0.874,9585511,10933873
1691724078602,2023-08-10T20:21:18.602(UTC-07:00),0.874,9570019,10936923
1691724078647,2023-08-10T20:21:18.647(UTC-07:00),0.874,9560344,10929636
1691724078715,2023-08-10T20:21:18.715(UTC-07:00),0.874,9569223,10926387
1691724078745,2023-08-10T20:21:18.745(UTC-07:00),0.874,9543203,10907528
1691724078782,2023-08-10T20:21:18.782(UTC-07:00),0.874,9541045,10902104
1691724078849,2023-08-10T20:21:18.849(UTC-07:00),0.874,9510805,10881938
1691724078880,2023-08-10T20:21:18.880(UTC-07:00),0.874,9507244,10889012
1691724078917,2023-08-10T20:21:18.917(UTC-07:00),0.874,9504346,10888057
1691724078992,2023-08-10T20:21:18.992(UTC-07:00),0.874,9503523,10891786
1691724079022,2023-08-10T20:21:19.022(UTC-07:00),0.874,9508088,10886736
1691724079059,2023-08-10T20:21:19.059(UTC-07:00),0.874,9476552,10864428
1691724079127,2023-08-10T20:21:19.127(UTC-07:00),0.874,9446281,10838325
1691724079171,2023-08-10T20:21:19.171(UTC-07:00),0.874,9441751,10857283
1691724079202,2023-08-10T20:21:19.202(UTC-07:00),0.874,9521391,10914571
1691724079277,2023-08-10T20:21:19.277(UTC-07:00),0.874,9595738,10963441
1691724079315,2023-08-10T20:21:19.315(UTC-07:00),0.874,9593464,10957613
1691724079352,2023-08-10T20:21:19.352(UTC-07:00),0.874,9591903,10948173
1691724079419,2023-08-10T20:21:19.419(UTC-07:00),0.874,9569809,10919207
1691724079457,2023-08-10T20:21:19.457(UTC-07:00),0.874,9575030,10929376
1691724079488,2023-08-10T20:21:19.488(UTC-07:00),0.874,9546487,10906025
1691724079562,2023-08-10T20:21:19.562(UTC-07:00),0.874,9589719,10945557
1691724079599,2023-08-10T20:21:19.599(UTC-07:00),0.874,9559535,10926585
1691724079637,2023-08-10T20:21:19.637(UTC-07:00),0.874,9549557,10904107
1691724079709,2023-08-10T20:21:19.709(UTC-07:00),0.874,9530602,10898200
1691724079743,2023-08-10T20:21:19.743(UTC-07:00),0.874,9541079,10900903
1691724079779,2023-08-10T20:21:19.779(UTC-07:00),0.874,9503838,10883322
1691724079855,2023-08-10T20:21:19.855(UTC-07:00),0.874,9501544,10894803
1691724079892,2023-08-10T20:21:19.892(UTC-07:00),0.874,9524246,10898817
1691724079922,2023-08-10T20:21:19.922(UTC-07:00),0.874,9486745,10882931
1691724079997,2023-08-10T20:21:19.997(UTC-07:00),0.874,9493565,10875825
1691724080035,2023-08-10T20:21:20.035(UTC-07:00),0.874,9471440,10866055
1691724080065,2023-08-10T20:21:20.065(UTC-07:00),0.874,9461875,10861249
1691724080140,2023-08-10T20:21:20.140(UTC-07:00),0.874,9463243,10883831
1691724080170,2023-08-10T20:21:20.170(UTC-07:00),0.874,9493808,10886284
1691724080207,2023-08-10T20:21:20.207(UTC-07:00),0.874,9560194,10935210
1691724080283,2023-08-10T20:21:20.283(UTC-07:00),0.874,9566527,10929339
1691724080319,2023-08-10T20:21:20.319(UTC-07:00),0.874,9589457,10941143
1691724080357,2023-08-10T20:21:20.357(UTC-07:00),0.874,9597107,10955694
1691724080425,2023-08-10T20:21:20.425(UTC-07:00),0.874,9603591,10970442
1691724080469,2023-08-10T20:21:20.469(UTC-07:00),0.874,9577557,10937991
1691724080507,2023-08-10T20:21:20.507(UTC-07:00),0.874,9575098,10938276
1691724080582,2023-08-10T20:21:20.582(UTC-07:00),0.874,9541178,10913978
1691724080612,2023-08-10T20:21:20.612(UTC-07:00),0.874,9563927,10924343
1691724080649,2023-08-10T20:21:20.649(UTC-07:00),0.874,9533928,10904036
1691724080717,2023-08-10T20:21:20.717(UTC-07:00),0.874,9523969,10898456
1691724080748,2023-08-10T20:21:20.748(UTC-07:00),0.874,9537516,10918884
1691724080791,2023-08-10T20:21:20.791(UTC-07:00),0.874,9518588,10902346
1691724080859,2023-08-10T20:21:20.859(UTC-07:00),0.874,9491849,10886864
1691724080905,2023-08-10T20:21:20.905(UTC-07:00),0.874,9484613,10874867
1691724080935,2023-08-10T20:21:20.935(UTC-07:00),0.874,9471167,10864955
1691724081017,2023-08-10T20:21:21.017(UTC-07:00),0.874,9515599,10916524
1691724081055,2023-08-10T20:21:21.055(UTC-07:00),0.874,9466202,10863549
1691724081100,2023-08-10T20:21:21.100(UTC-07:00),0.874,9482139,10891802
1691724081167,2023-08-10T20:21:21.167(UTC-07:00),0.874,9532975,10934849
1691724081197,2023-08-10T20:21:21.197(UTC-07:00),0.874,9558018,10941569
1691724081235,2023-08-10T20:21:21.235(UTC-07:00),0.874,9562699,10937833
1691724081302,2023-08-10T20:21:21.302(UTC-07:00),0.874,9567929,10942703
1691724081339,2023-08-10T20:21:21.339(UTC-07:00),0.874,9583013,10942613
1691724081370,2023-08-10T20:21:21.370(UTC-07:00),0.874,9574808,10945696
1691724081445,2023-08-10T20:21:21.445(UTC-07:00),0.874,9566489,10943882
1691724081482,2023-08-10T20:21:21.482(UTC-07:00),0.874,9586450,10948302
1691724081520,2023-08-10T20:21:21.520(UTC-07:00),0.874,9551587,10918528
1691724081587,2023-08-10T20:21:21.587(UTC-07:00),0.874,9555946,10928340
1691724081626,2023-08-10T20:21:21.626(UTC-07:00),0.874,9492540,10880918
1691724081655,2023-08-10T20:21:21.655(UTC-07:00),0.873,9497845,10881582
1691724081722,2023-08-10T20:21:21.722(UTC-07:00),0.873,9489579,10876810
1691724081759,2023-08-10T20:21:21.759(UTC-07:00),0.873,9489966,10884005
1691724081797,2023-08-10T20:21:21.797(UTC-07:00),0.873,9482543,10877570
1691724081872,2023-08-10T20:21:21.872(UTC-07:00),0.873,9491806,10881483
1691724081902,2023-08-10T20:21:21.902(UTC-07:00),0.873,9464780,10865139
1691724081940,2023-08-10T20:21:21.940(UTC-07:00),0.873,9447319,10860550
1691724082008,2023-08-10T20:21:22.008(UTC-07:00),0.873,9460250,10878201
1691724082051,2023-08-10T20:21:22.051(UTC-07:00),0.873,9514646,10906034
1691724082082,2023-08-10T20:21:22.082(UTC-07:00),0.873,9587891,10966378
1691724082157,2023-08-10T20:21:22.157(UTC-07:00),0.873,9573131,10944089
1691724082195,2023-08-10T20:21:22.195(UTC-07:00),0.873,9561342,10927915
1691724082225,2023-08-10T20:21:22.225(UTC-07:00),0.873,9533633,10903132
1691724082308,2023-08-10T20:21:22.308(UTC-07:00),0.873,9530384,10895179
1691724082352,2023-08-10T20:21:22.352(UTC-07:00),0.873,9529569,10915434
1691724082397,2023-08-10T20:21:22.397(UTC-07:00),0.873,9522636,10893742
1691724082472,2023-08-10T20:21:22.472(UTC-07:00),0.873,9507759,10883112
1691724082503,2023-08-10T20:21:22.503(UTC-07:00),0.873,9490640,10868389
1691724082539,2023-08-10T20:21:22.539(UTC-07:00),0.873,9499343,10882633
1691724082615,2023-08-10T20:21:22.615(UTC-07:00),0.873,9497847,10866964
1691724082652,2023-08-10T20:21:22.652(UTC-07:00),0.873,9472987,10863313
1691724082682,2023-08-10T20:21:22.682(UTC-07:00),0.873,9479854,10877835
1691724082756,2023-08-10T20:21:22.756(UTC-07:00),0.873,9467812,10854177
1691724082787,2023-08-10T20:21:22.787(UTC-07:00),0.873,9456594,10854625
1691724082825,2023-08-10T20:21:22.825(UTC-07:00),0.873,9472313,10874727
1691724082892,2023-08-10T20:21:22.892(UTC-07:00),0.873,9449216,10852503
1691724082930,2023-08-10T20:21:22.930(UTC-07:00),0.873,9512748,10893670
1691724082967,2023-08-10T20:21:22.967(UTC-07:00),0.873,9525647,10891293
1691724083042,2023-08-10T20:21:23.042(UTC-07:00),0.873,9531013,10892173
1691724083073,2023-08-10T20:21:23.073(UTC-07:00),0.873,9535196,10889412
1691724083117,2023-08-10T20:21:23.117(UTC-07:00),0.873,9519255,10873152
1691724083192,2023-08-10T20:21:23.192(UTC-07:00),0.873,9493964,10856585
1691724083222,2023-08-10T20:21:23.222(UTC-07:00),0.873,9517365,10876830
1691724083259,2023-08-10T20:21:23.259(UTC-07:00),0.873,9513837,10879366
1691724083327,2023-08-10T20:21:23.327(UTC-07:00),0.873,9480187,10841790
1691724083357,2023-08-10T20:21:23.357(UTC-07:00),0.873,9480510,10848339
1691724083395,2023-08-10T20:21:23.395(UTC-07:00),0.873,9484805,10851744
1691724083470,2023-08-10T20:21:23.470(UTC-07:00),0.873,9472486,10846450
1691724083500,2023-08-10T20:21:23.500(UTC-07:00),0.873,9465996,10833887
1691724083537,2023-08-10T20:21:23.537(UTC-07:00),0.873,9453470,10843574
1691724083605,2023-08-10T20:21:23.605(UTC-07:00),0.873,9490200,10873685
1691724083635,2023-08-10T20:21:23.635(UTC-07:00),0.873,9472935,10860340
1691724083672,2023-08-10T20:21:23.672(UTC-07:00),0.873,9458250,10848615
1691724083739,2023-08-10T20:21:23.739(UTC-07:00),0.873,9488716,10875509
1691724083770,2023-08-10T20:21:23.770(UTC-07:00),0.873,9524245,10893771
1691724083807,2023-08-10T20:21:23.807(UTC-07:00),0.873,9542696,10899763
1691724083882,2023-08-10T20:21:23.882(UTC-07:00),0.873,9537299,10896767
1691724083927,2023-08-10T20:21:23.927(UTC-07:00),0.874,9532095,10883535
1691724083957,2023-08-10T20:21:23.957(UTC-07:00),0.874,9532202,10892098
1691724084025,2023-08-10T20:21:24.025(UTC-07:00),0.874,9525993,10879428
1691724084069,2023-08-10T20:21:24.069(UTC-07:00),0.874,9530162,10887886
1691724084099,2023-08-10T20:21:24.099(UTC-07:00),0.874,9521072,10888412
1691724084175,2023-08-10T20:21:24.175(UTC-07:00),0.874,9489121,10852166
1691724084205,2023-08-10T20:21:24.205(UTC-07:00),0.874,9496199,10857085
1691724084242,2023-08-10T20:21:24.242(UTC-07:00),0.874,9512280,10870133
1691724084317,2023-08-10T20:21:24.317(UTC-07:00),0.874,9475574,10842754
1691724084347,2023-08-10T20:21:24.347(UTC-07:00),0.874,9474685,10849225
1691724084385,2023-08-10T20:21:24.385(UTC-07:00),0.874,9469914,10846714
1691724084467,2023-08-10T20:21:24.467(UTC-07:00),0.874,9474409,10852201
1691724084497,2023-08-10T20:21:24.497(UTC-07:00),0.874,9457998,10850580
1691724084534,2023-08-10T20:21:24.534(UTC-07:00),0.874,9505610,10878069
1691724084610,2023-08-10T20:21:24.610(UTC-07:00),0.874,9535429,10889151
1691724084647,2023-08-10T20:21:24.647(UTC-07:00),0.874,9585004,10925251
1691724084684,2023-08-10T20:21:24.684(UTC-07:00),0.874,9564027,10906031
1691724084752,2023-08-10T20:21:24.752(UTC-07:00),0.874,9567035,10909412
1691724084782,2023-08-10T20:21:24.782(UTC-07:00),0.874,9564581,10910683
1691724084819,2023-08-10T20:21:24.819(UTC-07:00),0.875,9595041,10938013
1691724084895,2023-08-10T20:21:24.895(UTC-07:00),0.875,9566817,10912921
1691724084925,2023-08-10T20:21:24.925(UTC-07:00),0.875,9590629,10940863
1691724084962,2023-08-10T20:21:24.962(UTC-07:00),0.875,9577447,10932745
1691724085030,2023-08-10T20:21:25.030(UTC-07:00),0.875,9572204,10908189
1691724085075,2023-08-10T20:21:25.075(UTC-07:00),0.875,9552342,10908893
1691724085105,2023-08-10T20:21:25.105(UTC-07:00),0.875,9542097,10892209
1691724085187,2023-08-10T20:21:25.187(UTC-07:00),0.875,9560602,10918494
1691724085218,2023-08-10T20:21:25.218(UTC-07:00),0.875,9545016,10898619
1691724085255,2023-08-10T20:21:25.255(UTC-07:00),0.875,9519538,10881911
1691724085322,2023-08-10T20:21:25.322(UTC-07:00),0.875,9506797,10890288
1691724085359,2023-08-10T20:21:25.359(UTC-07:00),0.875,9561665,10931659
1691724085390,2023-08-10T20:21:25.390(UTC-07:00),0.875,9618604,10956880
1691724085464,2023-08-10T20:21:25.464(UTC-07:00),0.875,9621967,10959391
1691724085502,2023-08-10T20:21:25.502(UTC-07:00),0.875,9610477,10950271
1691724085539,2023-08-10T20:21:25.539(UTC-07:00),0.875,9626328,10935610
1691724085615,2023-08-10T20:21:25.615(UTC-07:00),0.876,9605190,10928878
1691724085645,2023-08-10T20:21:25.645(UTC-07:00),0.876,9639356,10968015
1691724085689,2023-08-10T20:21:25.689(UTC-07:00),0.876,9605662,10925010
1691724085757,2023-08-10T20:21:25.757(UTC-07:00),0.876,9596767,10917099
1691724085795,2023-08-10T20:21:25.795(UTC-07:00),0.876,9566842,10883988
1691724085832,2023-08-10T20:21:25.832(UTC-07:00),0.876,9581025,10916429
1691724085899,2023-08-10T20:21:25.899(UTC-07:00),0.876,9575327,10901248
1691724085930,2023-08-10T20:21:25.930(UTC-07:00),0.876,9548077,10898533
1691724085968,2023-08-10T20:21:25.968(UTC-07:00),0.876,9538597,10897815
1691724086042,2023-08-10T20:21:26.042(UTC-07:00),0.876,9549325,10896568
1691724086079,2023-08-10T20:21:26.079(UTC-07:00),0.876,9527939,10889884
1691724086132,2023-08-10T20:21:26.132(UTC-07:00),0.876,9503690,10855809
1691724086207,2023-08-10T20:21:26.207(UTC-07:00),0.876,9541328,10894309
1691724086237,2023-08-10T20:21:26.237(UTC-07:00),0.876,9510568,10892942
1691724086275,2023-08-10T20:21:26.275(UTC-07:00),0.876,9605706,10947997
1691724086342,2023-08-10T20:21:26.342(UTC-07:00),0.877,9614459,10922715
1691724086373,2023-08-10T20:21:26.373(UTC-07:00),0.877,9625317,10928705
1691724086409,2023-08-10T20:21:26.409(UTC-07:00),0.877,9673842,10968425
1691724086477,2023-08-10T20:21:26.477(UTC-07:00),0.877,9645785,10934543
1691724086515,2023-08-10T20:21:26.515(UTC-07:00),0.877,9624194,10933500
1691724086552,2023-08-10T20:21:26.552(UTC-07:00),0.877,9629439,10941518
1691724086620,2023-08-10T20:21:26.620(UTC-07:00),0.877,9601594,10916544
1691724086657,2023-08-10T20:21:26.657(UTC-07:00),0.877,9612474,10932599
1691724086687,2023-08-10T20:21:26.687(UTC-07:00),0.878,9592345,10912484
1691724086777,2023-08-10T20:21:26.777(UTC-07:00),0.878,9577495,10899185
1691724086808,2023-08-10T20:21:26.808(UTC-07:00),0.878,9575371,10905634
1691724086844,2023-08-10T20:21:26.844(UTC-07:00),0.878,9557348,10891702
1691724086912,2023-08-10T20:21:26.912(UTC-07:00),0.878,9568996,10910522
1691724086949,2023-08-10T20:21:26.949(UTC-07:00),0.878,9564057,10902145
1691724086979,2023-08-10T20:21:26.979(UTC-07:00),0.878,9541784,10890253
1691724087055,2023-08-10T20:21:27.055(UTC-07:00),0.878,9532811,10896025
1691724087085,2023-08-10T20:21:27.085(UTC-07:00),0.878,9549398,10906589
1691724087122,2023-08-10T20:21:27.122(UTC-07:00),0.878,9546196,10903173
1691724087190,2023-08-10T20:21:27.190(UTC-07:00),0.878,9545473,10915515
1691724087227,2023-08-10T20:21:27.227(UTC-07:00),0.878,9618212,10957361
1691724087264,2023-08-10T20:21:27.264(UTC-07:00),0.878,9645446,10974423
1691724087339,2023-08-10T20:21:27.339(UTC-07:00),0.878,9630088,10948360
1691724087370,2023-08-10T20:21:27.370(UTC-07:00),0.878,9644784,10958847
1691724087407,2023-08-10T20:21:27.407(UTC-07:00),0.878,9625936,10934653
1691724087489,2023-08-10T20:21:27.489(UTC-07:00),0.878,9603001,10912794
1691724087520,2023-08-10T20:21:27.520(UTC-07:00),0.878,9584366,10901407
1691724087557,2023-08-10T20:21:27.557(UTC-07:00),0.878,9591568,10914113
1691724087625,2023-08-10T20:21:27.625(UTC-07:00),0.878,9576914,10894393
1691724087662,2023-08-10T20:21:27.662(UTC-07:00),0.878,9571495,10906576
1691724087700,2023-08-10T20:21:27.700(UTC-07:00),0.878,9558261,10891962
1691724087767,2023-08-10T20:21:27.767(UTC-07:00),0.878,9551411,10883626
1691724087812,2023-08-10T20:21:27.812(UTC-07:00),0.878,9560854,10902958
1691724087842,2023-08-10T20:21:27.842(UTC-07:00),0.878,9553601,10893076
1691724087910,2023-08-10T20:21:27.910(UTC-07:00),0.878,9539309,10892411
1691724087947,2023-08-10T20:21:27.947(UTC-07:00),0.878,9525202,10871690
1691724087984,2023-08-10T20:21:27.984(UTC-07:00),0.878,9531214,10888184
1691724088059,2023-08-10T20:21:28.059(UTC-07:00),0.878,9549602,10906994
1691724088090,2023-08-10T20:21:28.090(UTC-07:00),0.878,9532239,10898244
1691724088127,2023-08-10T20:21:28.127(UTC-07:00),0.878,9539174,10909472
1691724088202,2023-08-10T20:21:28.202(UTC-07:00),0.878,9601159,10954584
1691724088239,2023-08-10T20:21:28.239(UTC-07:00),0.878,9618645,10949256
1691724088270,2023-08-10T20:21:28.270(UTC-07:00),0.878,9634664,10953969
1691724088345,2023-08-10T20:21:28.345(UTC-07:00),0.878,9668217,10990042
1691724088382,2023-08-10T20:21:28.382(UTC-07:00),0.878,9650158,10972438
1691724088427,2023-08-10T20:21:28.427(UTC-07:00),0.878,9636874,10963727
1691724088495,2023-08-10T20:21:28.495(UTC-07:00),0.878,9626811,10959831
1691724088526,2023-08-10T20:21:28.526(UTC-07:00),0.878,9646628,10976881
1691724088562,2023-08-10T20:21:28.562(UTC-07:00),0.878,9622289,10961662
1691724088637,2023-08-10T20:21:28.637(UTC-07:00),0.878,9624375,10963650
1691724088675,2023-08-10T20:21:28.675(UTC-07:00),0.878,9630408,10976284
1691724088711,2023-08-10T20:21:28.711(UTC-07:00),0.878,9606698,10943794
1691724088780,2023-08-10T20:21:28.780(UTC-07:00),0.878,9593944,10941955
1691724088816,2023-08-10T20:21:28.816(UTC-07:00),0.878,9615316,10968266
1691724088855,2023-08-10T20:21:28.855(UTC-07:00),0.877,9551302,10903457
1691724088923,2023-08-10T20:21:28.923(UTC-07:00),0.877,9569426,10922795
1691724088967,2023-08-10T20:21:28.967(UTC-07:00),0.877,9552386,10926708
1691724088997,2023-08-10T20:21:28.997(UTC-07:00),0.877,9521398,10886356
1691724089065,2023-08-10T20:21:29.065(UTC-07:00),0.877,9529897,10906305
1691724089102,2023-08-10T20:21:29.102(UTC-07:00),0.877,9519658,10915099
1691724089139,2023-08-10T20:21:29.139(UTC-07:00),0.877,9634720,10999261
1691724089207,2023-08-10T20:21:29.207(UTC-07:00),0.877,9682372,11031111
1691724089252,2023-08-10T20:21:29.252(UTC-07:00),0.877,9662802,11009356
1691724089282,2023-08-10T20:21:29.282(UTC-07:00),0.877,9685938,11027598
1691724089350,2023-08-10T20:21:29.350(UTC-07:00),0.877,9687910,11027366
1691724089387,2023-08-10T20:21:29.387(UTC-07:00),0.877,9674352,11009459
1691724089424,2023-08-10T20:21:29.424(UTC-07:00),0.877,9676207,11016018
1691724089499,2023-08-10T20:21:29.499(UTC-07:00),0.877,9678693,11014142
1691724089530,2023-08-10T20:21:29.530(UTC-07:00),0.877,9667577,11008656
1691724089567,2023-08-10T20:21:29.567(UTC-07:00),0.877,9644666,10989766
1691724089642,2023-08-10T20:21:29.642(UTC-07:00),0.877,9603368,10957538
1691724089679,2023-08-10T20:21:29.679(UTC-07:00),0.877,9620440,10961921
1691724089710,2023-08-10T20:21:29.710(UTC-07:00),0.877,9598263,10955212
1691724089792,2023-08-10T20:21:29.792(UTC-07:00),0.877,9591030,10949853
1691724089829,2023-08-10T20:21:29.829(UTC-07:00),0.877,9595351,10967646
1691724089867,2023-08-10T20:21:29.867(UTC-07:00),0.877,9580434,10934384
1691724089928,2023-08-10T20:21:29.928(UTC-07:00),0.877,9562557,10927758
1691724089972,2023-08-10T20:21:29.972(UTC-07:00),0.877,9562630,10931871
1691724090002,2023-08-10T20:21:30.002(UTC-07:00),0.877,9539307,10927896
1691724090077,2023-08-10T20:21:30.077(UTC-07:00),0.877,9530993,10925419
1691724090115,2023-08-10T20:21:30.115(UTC-07:00),0.877,9601011,10978187
1691724090153,2023-08-10T20:21:30.153(UTC-07:00),0.877,9614298,10974754
1691724090220,2023-08-10T20:21:30.220(UTC-07:00),0.877,9658919,10998672
1691724090257,2023-08-10T20:21:30.257(UTC-07:00),0.877,9674777,11004120
1691724090287,2023-08-10T20:21:30.287(UTC-07:00),0.877,9650946,10991306
1691724090362,2023-08-10T20:21:30.362(UTC-07:00),0.877,9632752,10973063
1691724090399,2023-08-10T20:21:30.399(UTC-07:00),0.877,9634126,10978782
1691724090430,2023-08-10T20:21:30.430(UTC-07:00),0.877,9609346,10964039
1691724090521,2023-08-10T20:21:30.521(UTC-07:00),0.877,9618222,10970305
1691724090550,2023-08-10T20:21:30.550(UTC-07:00),0.876,9609498,10960909
1691724090588,2023-08-10T20:21:30.588(UTC-07:00),0.876,9593946,10952459
1691724090670,2023-08-10T20:21:30.670(UTC-07:00),0.876,9599601,10955036
